Date,Season,Competition,Team,Opponent,Venue,TeamGoals,OppGoals,Result,Player,Start,Position,Minutes,Goals,Assists,Shots,SoT,Yellow,Red,Fouls,Offsides,Crosses,TacklesWon,Interceptions
2010-08-29,2010-2011,La Liga,Real Sociedad,Villarreal,Home,1,0,W,Antoine Griezmann,N,,30,0,0,,,0,0,,,,,
2010-09-13,2010-2011,La Liga,Real Sociedad,Almería,Away,2,2,D,Antoine Griezmann,N,,27,0,0,,,0,0,,,,,
2010-09-18,2010-2011,La Liga,Real Sociedad,Real Madrid,Home,1,2,L,Antoine Griezmann,Y,,90,0,0,,,0,0,,,,,
2010-09-21,2010-2011,La Liga,Real Sociedad,Osasuna,Away,1,3,L,Antoine Griezmann,N,,30,0,0,,,0,0,,,,,
2010-09-26,2010-2011,La Liga,Real Sociedad,Mallorca,Away,0,2,L,Antoine Griezmann,Y,,76,0,0,,,1,0,,,,,
2010-10-02,2010-2011,La Liga,Real Sociedad,Espanyol,Home,1,0,W,Antoine Griezmann,Y,,78,0,0,,,1,0,,,,,
2010-10-17,2010-2011,La Liga,Real Sociedad,Levante,Away,2,1,W,Antoine Griezmann,Y,,63,0,0,,,1,0,,,,,
2010-10-25,2010-2011,La Liga,Real Sociedad,Dep La Coruña,Home,3,0,W,Antoine Griezmann,Y,,80,1,0,,,1,0,,,,,
2010-10-31,2010-2011,La Liga,Real Sociedad,Málaga,Away,2,1,W,Antoine Griezmann,Y,,90,1,0,,,0,0,,,,,
2010-11-06,2010-2011,La Liga,Real Sociedad,Racing Sant,Home,1,0,W,Antoine Griezmann,Y,,77,0,0,,,0,0,,,,,
2010-11-14,2010-2011,La Liga,Real Sociedad,Hércules,Away,1,2,L,Antoine Griezmann,Y,,72,1,0,,,0,0,,,,,
2010-11-21,2010-2011,La Liga,Real Sociedad,Atlético Madrid,Home,2,4,L,Antoine Griezmann,Y,,62,0,0,,,0,0,,,,,
2010-11-28,2010-2011,La Liga,Real Sociedad,Sporting Gijón,Away,3,1,W,Antoine Griezmann,Y,,88,0,0,,,0,0,,,,,
2010-12-05,2010-2011,La Liga,Real Sociedad,Athletic Club,Home,2,0,W,Antoine Griezmann,Y,,90,0,0,,,0,0,,,,,
2010-12-12,2010-2011,La Liga,Real Sociedad,Barcelona,Away,0,5,L,Antoine Griezmann,Y,,90,0,0,,,0,0,,,,,
2010-12-18,2010-2011,La Liga,Real Sociedad,Valencia,Home,1,2,L,Antoine Griezmann,Y,,90,0,0,,,0,0,,,,,
2011-01-03,2010-2011,La Liga,Real Sociedad,Zaragoza,Away,1,2,L,Antoine Griezmann,Y,,90,0,0,,,1,0,,,,,
2011-01-15,2010-2011,La Liga,Real Sociedad,Getafe,Away,4,0,W,Antoine Griezmann,Y,,66,1,0,,,0,0,,,,,
2011-01-23,2010-2011,La Liga,Real Sociedad,Villarreal,Away,1,2,L,Antoine Griezmann,Y,,90,0,0,,,0,0,,,,,
2011-01-29,2010-2011,La Liga,Real Sociedad,Almería,Home,2,0,W,Antoine Griezmann,Y,,76,0,0,,,0,0,,,,,
2011-02-06,2010-2011,La Liga,Real Sociedad,Real Madrid,Away,1,4,L,Antoine Griezmann,Y,,63,0,0,,,0,0,,,,,
2011-02-13,2010-2011,La Liga,Real Sociedad,Osasuna,Home,1,0,W,Antoine Griezmann,Y,,86,0,0,,,0,0,,,,,
2011-02-21,2010-2011,La Liga,Real Sociedad,Mallorca,Home,1,0,W,Antoine Griezmann,Y,,77,0,0,,,0,0,,,,,
2011-02-26,2010-2011,La Liga,Real Sociedad,Espanyol,Away,1,4,L,Antoine Griezmann,Y,,76,0,0,,,0,0,,,,,
2011-03-02,2010-2011,La Liga,Real Sociedad,Levante,Home,1,1,D,Antoine Griezmann,Y,,66,0,0,,,0,0,,,,,
2011-03-07,2010-2011,La Liga,Real Sociedad,Dep La Coruña,Away,1,2,L,Antoine Griezmann,Y,,79,0,0,,,0,0,,,,,
2011-03-13,2010-2011,La Liga,Real Sociedad,Málaga,Home,0,2,L,Antoine Griezmann,Y,,90,0,0,,,0,0,,,,,
2011-03-20,2010-2011,La Liga,Real Sociedad,Racing Sant,Away,1,2,L,Antoine Griezmann,Y,,90,1,0,,,1,0,,,,,
2011-04-03,2010-2011,La Liga,Real Sociedad,Hércules,Home,1,3,L,Antoine Griezmann,Y,,72,0,0,,,0,0,,,,,
2011-04-10,2010-2011,La Liga,Real Sociedad,Atlético Madrid,Away,0,3,L,Antoine Griezmann,Y,,69,0,0,,,0,0,,,,,
2011-04-17,2010-2011,La Liga,Real Sociedad,Sporting Gijón,Home,2,1,W,Antoine Griezmann,Y,,90,2,0,,,0,0,,,,,
2011-04-23,2010-2011,La Liga,Real Sociedad,Athletic Club,Away,1,2,L,Antoine Griezmann,Y,,90,0,0,,,0,0,,,,,
2011-04-30,2010-2011,La Liga,Real Sociedad,Barcelona,Home,2,1,W,Antoine Griezmann,Y,,90,0,0,,,0,0,,,,,
2011-05-07,2010-2011,La Liga,Real Sociedad,Valencia,Away,0,3,L,Antoine Griezmann,Y,,90,0,0,,,0,0,,,,,
2011-05-11,2010-2011,La Liga,Real Sociedad,Zaragoza,Home,2,1,W,Antoine Griezmann,Y,,90,0,0,,,1,0,,,,,
2011-05-15,2010-2011,La Liga,Real Sociedad,Sevilla,Away,1,3,L,Antoine Griezmann,Y,,90,0,0,,,0,0,,,,,
2011-05-21,2010-2011,La Liga,Real Sociedad,Getafe,Home,1,1,D,Antoine Griezmann,Y,,69,0,0,,,0,0,,,,,
2011-09-10,2011-2012,La Liga,Real Sociedad,Barcelona,Home,2,2,D,Antoine Griezmann,Y,,90,1,0,,,0,0,,,,,
2011-09-17,2011-2012,La Liga,Real Sociedad,Sevilla,Away,0,1,L,Antoine Griezmann,Y,,90,0,0,,,0,0,,,,,
2011-09-20,2011-2012,La Liga,Real Sociedad,Granada,Home,1,0,W,Antoine Griezmann,Y,,74,0,0,,,1,0,,,,,
2011-09-25,2011-2012,La Liga,Real Sociedad,Mallorca,Away,1,2,L,Antoine Griezmann,N,,34,0,0,,,0,0,,,,,
2011-10-02,2011-2012,La Liga,Real Sociedad,Athletic Club,Home,1,2,L,Antoine Griezmann,Y,,81,0,0,,,0,0,,,,,
2011-10-16,2011-2012,La Liga,Real Sociedad,Zaragoza,Away,0,2,L,Antoine Griezmann,N,,23,0,0,,,0,0,,,,,
2011-10-23,2011-2012,La Liga,Real Sociedad,Getafe,Home,0,0,D,Antoine Griezmann,Y,,90,0,0,,,0,0,,,,,
2011-10-26,2011-2012,La Liga,Real Sociedad,Levante,Away,2,3,L,Antoine Griezmann,Y,,90,0,0,,,0,0,,,,,
2011-10-29,2011-2012,La Liga,Real Sociedad,Real Madrid,Home,0,1,L,Antoine Griezmann,N,,31,0,0,,,1,0,,,,,
2011-11-06,2011-2012,La Liga,Real Sociedad,Rayo Vallecano,Away,0,4,L,Antoine Griezmann,Y,,70,0,0,,,0,0,,,,,
2011-11-27,2011-2012,La Liga,Real Sociedad,Real Betis,Away,3,2,W,Antoine Griezmann,Y,,90,0,0,,,1,0,,,,,
2011-12-04,2011-2012,La Liga,Real Sociedad,Málaga,Home,3,2,W,Antoine Griezmann,Y,,90,0,0,,,1,0,,,,,
2011-12-11,2011-2012,La Liga,Real Sociedad,Villarreal,Away,1,1,D,Antoine Griezmann,Y,,90,0,0,,,0,0,,,,,
2011-12-18,2011-2012,La Liga,Real Sociedad,Racing Sant,Away,0,0,D,Antoine Griezmann,Y,,90,0,0,,,0,0,,,,,
2012-01-07,2011-2012,La Liga,Real Sociedad,Osasuna,Home,0,0,D,Antoine Griezmann,Y,,90,0,0,,,0,0,,,,,
2012-01-14,2011-2012,La Liga,Real Sociedad,Valencia,Away,1,0,W,Antoine Griezmann,Y,,89,1,0,,,0,0,,,,,
2012-01-21,2011-2012,La Liga,Real Sociedad,Atlético Madrid,Home,0,4,L,Antoine Griezmann,Y,,90,0,0,,,0,0,,,,,
2012-01-29,2011-2012,La Liga,Real Sociedad,Sporting Gijón,Home,5,1,W,Antoine Griezmann,Y,,90,1,0,,,0,0,,,,,
2012-02-04,2011-2012,La Liga,Real Sociedad,Barcelona,Away,1,2,L,Antoine Griezmann,Y,,90,0,0,,,0,0,,,,,
2012-02-13,2011-2012,La Liga,Real Sociedad,Sevilla,Home,2,0,W,Antoine Griezmann,N,,18,0,0,,,0,0,,,,,
2012-02-19,2011-2012,La Liga,Real Sociedad,Granada,Away,1,4,L,Antoine Griezmann,Y,,70,0,0,,,0,0,,,,,
2012-02-26,2011-2012,La Liga,Real Sociedad,Mallorca,Home,1,0,W,Antoine Griezmann,Y,,90,0,0,,,0,0,,,,,
2012-03-04,2011-2012,La Liga,Real Sociedad,Athletic Club,Away,0,2,L,Antoine Griezmann,Y,,90,0,0,,,0,0,,,,,
2012-03-10,2011-2012,La Liga,Real Sociedad,Zaragoza,Home,3,0,W,Antoine Griezmann,N,,21,0,0,,,0,0,,,,,
2012-03-17,2011-2012,La Liga,Real Sociedad,Getafe,Away,0,1,L,Antoine Griezmann,Y,,90,0,0,,,1,0,,,,,
2012-03-24,2011-2012,La Liga,Real Sociedad,Real Madrid,Away,1,5,L,Antoine Griezmann,Y,,90,0,0,,,0,0,,,,,
2012-04-01,2011-2012,La Liga,Real Sociedad,Rayo Vallecano,Home,4,0,W,Antoine Griezmann,Y,,90,1,0,,,0,0,,,,,
2012-04-07,2011-2012,La Liga,Real Sociedad,Espanyol,Away,2,2,D,Antoine Griezmann,Y,,90,0,0,,,0,0,,,,,
2012-04-10,2011-2012,La Liga,Real Sociedad,Real Betis,Home,1,1,D,Antoine Griezmann,Y,,90,0,0,,,0,0,,,,,
2012-04-15,2011-2012,La Liga,Real Sociedad,Málaga,Away,1,1,D,Antoine Griezmann,Y,,79,0,0,,,0,0,,,,,
2012-04-22,2011-2012,La Liga,Real Sociedad,Villarreal,Home,1,1,D,Antoine Griezmann,N,,34,0,0,,,0,0,,,,,
2012-04-28,2011-2012,La Liga,Real Sociedad,Racing Sant,Home,3,0,W,Antoine Griezmann,Y,,90,2,0,,,0,0,,,,,
2012-05-02,2011-2012,La Liga,Real Sociedad,Atlético Madrid,Away,1,1,D,Antoine Griezmann,Y,,78,0,0,,,0,0,,,,,
2012-05-05,2011-2012,La Liga,Real Sociedad,Osasuna,Away,0,1,L,Antoine Griezmann,N,,29,0,0,,,0,0,,,,,
2012-05-12,2011-2012,La Liga,Real Sociedad,Valencia,Home,1,0,W,Antoine Griezmann,Y,,90,1,0,,,0,0,,,,,
2012-08-19,2012-2013,La Liga,Real Sociedad,Barcelona,Away,1,5,L,Antoine Griezmann,Y,,90,0,0,,,0,0,,,,,
2012-08-25,2012-2013,La Liga,Real Sociedad,Celta Vigo,Home,2,1,W,Antoine Griezmann,Y,,90,0,0,,,1,0,,,,,
2012-09-01,2012-2013,La Liga,Real Sociedad,Mallorca,Away,0,1,L,Antoine Griezmann,N,,22,0,0,,,0,0,,,,,
2012-09-16,2012-2013,La Liga,Real Sociedad,Zaragoza,Home,2,0,W,Antoine Griezmann,Y,,90,0,0,,,1,0,,,,,
2012-09-23,2012-2013,La Liga,Real Sociedad,Levante,Away,1,2,L,Antoine Griezmann,Y,,90,0,0,,,0,0,,,,,
2012-09-29,2012-2013,La Liga,Real Sociedad,Athletic Club,Home,2,0,W,Antoine Griezmann,Y,,90,1,0,,,0,0,,,,,
2012-10-06,2012-2013,La Liga,Real Sociedad,Real Betis,Away,0,2,L,Antoine Griezmann,Y,,90,0,0,,,1,0,,,,,
2012-10-21,2012-2013,La Liga,Real Sociedad,Atlético Madrid,Home,0,1,L,Antoine Griezmann,Y,,82,0,0,,,0,0,,,,,
2012-10-29,2012-2013,La Liga,Real Sociedad,Valladolid,Away,2,2,D,Antoine Griezmann,Y,,78,2,0,,,0,0,,,,,
2012-11-23,2012-2013,La Liga,Real Sociedad,Osasuna,Home,0,0,D,Antoine Griezmann,Y,,90,0,0,,,0,0,,,,,
2012-12-01,2012-2013,La Liga,Real Sociedad,Valencia,Away,5,2,W,Antoine Griezmann,Y,,72,0,0,,,0,0,,,,,
2012-12-08,2012-2013,La Liga,Real Sociedad,Getafe,Home,1,1,D,Antoine Griezmann,Y,,81,0,0,,,0,0,,,,,
2012-12-15,2012-2013,La Liga,Real Sociedad,Granada,Away,0,0,D,Antoine Griezmann,Y,,73,0,0,,,0,0,,,,,
2012-12-20,2012-2013,La Liga,Real Sociedad,Sevilla,Home,2,1,W,Antoine Griezmann,Y,,90,0,0,,,0,0,,,,,
2013-01-06,2012-2013,La Liga,Real Sociedad,Real Madrid,Away,3,4,L,Antoine Griezmann,Y,,90,0,0,,,0,0,,,,,
2013-01-13,2012-2013,La Liga,Real Sociedad,Dep La Coruña,Home,1,1,D,Antoine Griezmann,Y,,90,0,0,,,0,0,,,,,
2013-01-19,2012-2013,La Liga,Real Sociedad,Barcelona,Home,3,2,W,Antoine Griezmann,Y,,90,0,0,,,1,0,,,,,
2013-01-26,2012-2013,La Liga,Real Sociedad,Celta Vigo,Away,1,1,D,Antoine Griezmann,N,,21,0,0,,,0,0,,,,,
2013-02-03,2012-2013,La Liga,Real Sociedad,Mallorca,Home,3,0,W,Antoine Griezmann,Y,,90,0,0,,,0,0,,,,,
2013-02-10,2012-2013,La Liga,Real Sociedad,Zaragoza,Away,2,1,W,Antoine Griezmann,Y,,90,1,0,,,0,0,,,,,
2013-02-17,2012-2013,La Liga,Real Sociedad,Levante,Home,1,1,D,Antoine Griezmann,Y,,90,0,0,,,0,0,,,,,
2013-02-22,2012-2013,La Liga,Real Sociedad,Athletic Club,Away,3,1,W,Antoine Griezmann,Y,,90,1,0,,,0,0,,,,,
2013-03-03,2012-2013,La Liga,Real Sociedad,Real Betis,Home,3,3,D,Antoine Griezmann,Y,,90,0,0,,,0,0,,,,,
2013-03-10,2012-2013,La Liga,Real Sociedad,Atlético Madrid,Away,1,0,W,Antoine Griezmann,Y,,90,0,0,,,0,0,,,,,
2013-03-16,2012-2013,La Liga,Real Sociedad,Valladolid,Home,4,1,W,Antoine Griezmann,Y,,90,2,0,,,0,0,,,,,
2013-03-31,2012-2013,La Liga,Real Sociedad,Espanyol,Away,2,2,D,Antoine Griezmann,Y,,90,0,0,,,0,0,,,,,
2013-04-06,2012-2013,La Liga,Real Sociedad,Málaga,Home,4,2,W,Antoine Griezmann,Y,,83,1,0,,,0,0,,,,,
2013-04-14,2012-2013,La Liga,Real Sociedad,Rayo Vallecano,Away,2,0,W,Antoine Griezmann,Y,,90,0,0,,,0,0,,,,,
2013-04-21,2012-2013,La Liga,Real Sociedad,Osasuna,Away,0,0,D,Antoine Griezmann,Y,,90,0,0,,,1,0,,,,,
2013-05-06,2012-2013,La Liga,Real Sociedad,Getafe,Away,1,2,L,Antoine Griezmann,Y,,90,0,0,,,1,0,,,,,
2013-05-13,2012-2013,La Liga,Real Sociedad,Granada,Home,2,2,D,Antoine Griezmann,Y,,90,0,0,,,1,0,,,,,
2013-05-18,2012-2013,La Liga,Real Sociedad,Sevilla,Away,2,1,W,Antoine Griezmann,Y,,86,0,0,,,0,0,,,,,
2013-05-26,2012-2013,La Liga,Real Sociedad,Real Madrid,Home,3,3,D,Antoine Griezmann,Y,,90,1,0,,,0,0,,,,,
2013-06-01,2012-2013,La Liga,Real Sociedad,Dep La Coruña,Away,1,0,W,Antoine Griezmann,Y,,90,1,0,,,1,0,,,,,
2013-09-01,2013-2014,La Liga,Real Sociedad,Atlético Madrid,Home,1,2,L,Antoine Griezmann,Y,,90,0,0,,,0,0,,,,,
2013-09-14,2013-2014,La Liga,Real Sociedad,Levante,Away,0,0,D,Antoine Griezmann,Y,,64,0,0,,,0,0,,,,,
2013-09-21,2013-2014,La Liga,Real Sociedad,Málaga,Home,0,0,D,Antoine Griezmann,N,,26,0,0,,,0,0,,,,,
2013-09-24,2013-2014,La Liga,Real Sociedad,Barcelona,Away,1,4,L,Antoine Griezmann,Y,,90,0,0,,,0,0,,,,,
2013-09-28,2013-2014,La Liga,Real Sociedad,Sevilla,Home,1,1,D,Antoine Griezmann,Y,,90,1,0,,,0,0,,,,,
2013-10-05,2013-2014,La Liga,Real Sociedad,Rayo Vallecano,Away,0,1,L,Antoine Griezmann,Y,,90,0,0,,,0,0,,,,,
2013-10-19,2013-2014,La Liga,Real Sociedad,Valencia,Away,2,1,W,Antoine Griezmann,Y,,82,1,0,,,0,0,,,,,
2013-10-27,2013-2014,La Liga,Real Sociedad,Almería,Home,3,0,W,Antoine Griezmann,Y,,74,2,0,,,0,0,,,,,
2013-10-30,2013-2014,La Liga,Real Sociedad,Valladolid,Away,2,2,D,Antoine Griezmann,Y,,76,2,0,,,0,0,,,,,
2013-11-02,2013-2014,La Liga,Real Sociedad,Osasuna,Home,5,0,W,Antoine Griezmann,Y,,72,1,0,,,1,0,,,,,
2013-11-09,2013-2014,La Liga,Real Sociedad,Real Madrid,Away,1,5,L,Antoine Griezmann,Y,,90,1,0,,,0,0,,,,,
2013-11-23,2013-2014,La Liga,Real Sociedad,Celta Vigo,Home,4,3,W,Antoine Griezmann,Y,,90,0,0,,,0,0,,,,,
2013-11-30,2013-2014,La Liga,Real Sociedad,Espanyol,Away,2,1,W,Antoine Griezmann,Y,,90,1,0,,,0,0,,,,,
2013-12-15,2013-2014,La Liga,Real Sociedad,Real Betis,Home,5,1,W,Antoine Griezmann,Y,,78,1,0,,,1,0,,,,,
2013-12-21,2013-2014,La Liga,Real Sociedad,Granada,Away,3,1,W,Antoine Griezmann,Y,,88,1,0,,,0,0,,,,,
2014-01-05,2013-2014,La Liga,Real Sociedad,Athletic Club,Home,2,0,W,Antoine Griezmann,Y,,78,1,0,,,0,0,,,,,
2014-01-13,2013-2014,La Liga,Real Sociedad,Villarreal,Away,1,5,L,Antoine Griezmann,Y,,45,0,0,,,0,0,,,,,
2014-01-19,2013-2014,La Liga,Real Sociedad,Getafe,Away,2,2,D,Antoine Griezmann,Y,,57,0,0,,,0,0,,,,,
2014-01-27,2013-2014,La Liga,Real Sociedad,Elche,Home,4,0,W,Antoine Griezmann,Y,,90,3,0,,,0,0,,,,,
2014-02-02,2013-2014,La Liga,Real Sociedad,Atlético Madrid,Away,0,4,L,Antoine Griezmann,Y,,79,0,0,,,0,0,,,,,
2014-02-09,2013-2014,La Liga,Real Sociedad,Levante,Home,0,0,D,Antoine Griezmann,Y,,90,0,0,,,0,0,,,,,
2014-02-17,2013-2014,La Liga,Real Sociedad,Málaga,Away,1,0,W,Antoine Griezmann,Y,,90,0,0,,,0,0,,,,,
2014-02-22,2013-2014,La Liga,Real Sociedad,Barcelona,Home,3,1,W,Antoine Griezmann,Y,,72,1,0,,,0,0,,,,,
2014-03-02,2013-2014,La Liga,Real Sociedad,Sevilla,Away,0,1,L,Antoine Griezmann,Y,,90,0,0,,,1,0,,,,,
2014-03-10,2013-2014,La Liga,Real Sociedad,Rayo Vallecano,Home,2,3,L,Antoine Griezmann,N,,28,0,0,,,0,0,,,,,
2014-03-16,2013-2014,La Liga,Real Sociedad,Valencia,Home,1,0,W,Antoine Griezmann,Y,,90,0,0,,,0,0,,,,,
2014-03-24,2013-2014,La Liga,Real Sociedad,Almería,Away,3,4,L,Antoine Griezmann,Y,,90,0,0,,,0,0,,,,,
2014-03-27,2013-2014,La Liga,Real Sociedad,Valladolid,Home,1,0,W,Antoine Griezmann,Y,,90,0,0,,,1,0,,,,,
2014-03-30,2013-2014,La Liga,Real Sociedad,Osasuna,Away,1,1,D,Antoine Griezmann,N,,24,0,0,,,0,0,,,,,
2014-04-05,2013-2014,La Liga,Real Sociedad,Real Madrid,Home,0,4,L,Antoine Griezmann,Y,,90,0,0,,,0,0,,,,,
2014-04-12,2013-2014,La Liga,Real Sociedad,Celta Vigo,Away,2,2,D,Antoine Griezmann,Y,,90,1,0,,,1,0,,,,,
2014-04-26,2013-2014,La Liga,Real Sociedad,Real Betis,Away,1,0,W,Antoine Griezmann,Y,,90,0,0,,,0,0,,,,,
2014-05-05,2013-2014,La Liga,Real Sociedad,Granada,Home,1,1,D,Antoine Griezmann,Y,,72,0,0,,,0,0,,,,,
2014-05-11,2013-2014,La Liga,Real Sociedad,Athletic Club,Away,1,1,D,Antoine Griezmann,N,,16,0,0,,,0,0,,,,,
2014-05-18,2013-2014,La Liga,Real Sociedad,Villarreal,Home,1,2,L,Antoine Griezmann,Y,,90,0,0,,,0,0,,,,,
2014-08-25,2014-2015,La Liga,Atlético Madrid,Rayo Vallecano,Away,0,0,D,Antoine Griezmann,Y,,83,0,0,,,0,0,,,,,
2014-08-30,2014-2015,La Liga,Atlético Madrid,Eibar,Home,2,1,W,Antoine Griezmann,Y,,59,0,0,,,0,0,,,,,
2014-09-13,2014-2015,La Liga,Atlético Madrid,Real Madrid,Away,2,1,W,Antoine Griezmann,N,,27,0,0,,,0,0,,,,,
2014-09-20,2014-2015,La Liga,Atlético Madrid,Celta Vigo,Home,2,2,D,Antoine Griezmann,Y,,67,0,0,,,0,0,,,,,
2014-09-24,2014-2015,La Liga,Atlético Madrid,Almería,Away,1,0,W,Antoine Griezmann,Y,,67,0,0,,,0,0,,,,,
2014-09-27,2014-2015,La Liga,Atlético Madrid,Sevilla,Home,4,0,W,Antoine Griezmann,N,,26,0,0,,,0,0,,,,,
2014-10-04,2014-2015,La Liga,Atlético Madrid,Valencia,Away,1,3,L,Antoine Griezmann,Y,,65,0,0,,,0,0,,,,,
2014-10-19,2014-2015,La Liga,Atlético Madrid,Espanyol,Home,2,0,W,Antoine Griezmann,N,,31,0,0,,,0,0,,,,,
2014-10-26,2014-2015,La Liga,Atlético Madrid,Getafe,Away,1,0,W,Antoine Griezmann,Y,,65,0,0,,,0,0,,,,,
2014-11-01,2014-2015,La Liga,Atlético Madrid,Córdoba,Home,4,2,W,Antoine Griezmann,Y,,76,2,0,,,0,0,,,,,
2014-11-09,2014-2015,La Liga,Atlético Madrid,Real Sociedad,Away,1,2,L,Antoine Griezmann,N,,6,0,0,,,0,0,,,,,
2014-11-22,2014-2015,La Liga,Atlético Madrid,Málaga,Home,3,1,W,Antoine Griezmann,Y,,81,1,0,,,1,0,,,,,
2014-11-30,2014-2015,La Liga,Atlético Madrid,Dep La Coruña,Home,2,0,W,Antoine Griezmann,Y,,74,0,0,,,0,0,,,,,
2014-12-06,2014-2015,La Liga,Atlético Madrid,Elche,Away,2,0,W,Antoine Griezmann,N,,17,0,0,,,0,0,,,,,
2014-12-14,2014-2015,La Liga,Atlético Madrid,Villarreal,Home,0,1,L,Antoine Griezmann,N,,28,0,0,,,0,0,,,,,
2014-12-21,2014-2015,La Liga,Atlético Madrid,Athletic Club,Away,4,1,W,Antoine Griezmann,Y,,90,3,0,,,1,0,,,,,
2015-01-03,2014-2015,La Liga,Atlético Madrid,Levante,Home,3,1,W,Antoine Griezmann,Y,,83,2,0,,,0,0,,,,,
2015-01-11,2014-2015,La Liga,Atlético Madrid,Barcelona,Away,1,3,L,Antoine Griezmann,Y,,73,0,0,,,1,0,,,,,
2015-01-18,2014-2015,La Liga,Atlético Madrid,Granada,Home,2,0,W,Antoine Griezmann,N,,32,0,0,,,0,0,,,,,
2015-01-24,2014-2015,La Liga,Atlético Madrid,Rayo Vallecano,Home,3,1,W,Antoine Griezmann,Y,,90,2,0,,,0,0,,,,,
2015-01-31,2014-2015,La Liga,Atlético Madrid,Eibar,Away,3,1,W,Antoine Griezmann,Y,,69,1,0,,,1,0,,,,,
2015-02-07,2014-2015,La Liga,Atlético Madrid,Real Madrid,Home,4,0,W,Antoine Griezmann,Y,,76,1,0,,,0,0,,,,,
2015-02-15,2014-2015,La Liga,Atlético Madrid,Celta Vigo,Away,0,2,L,Antoine Griezmann,Y,,90,0,0,,,0,0,,,,,
2015-02-21,2014-2015,La Liga,Atlético Madrid,Almería,Home,3,0,W,Antoine Griezmann,Y,,63,2,0,,,0,0,,,,,
2015-03-01,2014-2015,La Liga,Atlético Madrid,Sevilla,Away,0,0,D,Antoine Griezmann,Y,,74,0,0,,,1,0,,,,,
2015-03-14,2014-2015,La Liga,Atlético Madrid,Espanyol,Away,0,0,D,Antoine Griezmann,Y,,81,0,0,,,0,0,,,,,
2015-03-21,2014-2015,La Liga,Atlético Madrid,Getafe,Home,2,0,W,Antoine Griezmann,N,,27,0,0,,,0,0,,,,,
2015-04-04,2014-2015,La Liga,Atlético Madrid,Córdoba,Away,2,0,W,Antoine Griezmann,Y,,69,1,0,,,0,0,,,,,
2015-04-07,2014-2015,La Liga,Atlético Madrid,Real Sociedad,Home,2,0,W,Antoine Griezmann,Y,,89,1,0,,,0,0,,,,,
2015-04-11,2014-2015,La Liga,Atlético Madrid,Málaga,Away,2,2,D,Antoine Griezmann,Y,,90,2,0,,,1,0,,,,,
2015-04-18,2014-2015,La Liga,Atlético Madrid,Dep La Coruña,Away,2,1,W,Antoine Griezmann,Y,,65,2,0,,,0,0,,,,,
2015-04-25,2014-2015,La Liga,Atlético Madrid,Elche,Home,3,0,W,Antoine Griezmann,Y,,79,2,0,,,0,0,,,,,
2015-04-29,2014-2015,La Liga,Atlético Madrid,Villarreal,Away,1,0,W,Antoine Griezmann,Y,,90,0,0,,,0,0,,,,,
2015-05-02,2014-2015,La Liga,Atlético Madrid,Athletic Club,Home,0,0,D,Antoine Griezmann,Y,,90,0,0,,,0,0,,,,,
2015-05-10,2014-2015,La Liga,Atlético Madrid,Levante,Away,2,2,D,Antoine Griezmann,Y,,90,0,0,,,0,0,,,,,
2015-05-17,2014-2015,La Liga,Atlético Madrid,Barcelona,Home,0,1,L,Antoine Griezmann,Y,,90,0,0,,,0,0,,,,,
2015-05-23,2014-2015,La Liga,Atlético Madrid,Granada,Away,0,0,D,Antoine Griezmann,Y,,90,0,0,,,0,0,,,,,
2015-08-22,2015-2016,La Liga,Atlético Madrid,Las Palmas,Home,1,0,W,Antoine Griezmann,Y,FW,80,1,0,3.0,2.0,0,0,1.0,2.0,0.0,1.0,0.0
2015-08-30,2015-2016,La Liga,Atlético Madrid,Sevilla,Away,3,0,W,Antoine Griezmann,Y,FW,90,0,1,5.0,1.0,1,0,2.0,1.0,0.0,1.0,1.0
2015-09-12,2015-2016,La Liga,Atlético Madrid,Barcelona,Home,1,2,L,Antoine Griezmann,Y,FW,90,0,0,0.0,0.0,0,0,1.0,0.0,1.0,3.0,1.0
2015-09-19,2015-2016,La Liga,Atlético Madrid,Eibar,Away,2,0,W,Antoine Griezmann,Y,FW,90,0,0,1.0,0.0,0,0,1.0,1.0,0.0,3.0,2.0
2015-09-22,2015-2016,La Liga,Atlético Madrid,Getafe,Home,2,0,W,Antoine Griezmann,Y,FW,90,2,0,4.0,2.0,0,0,1.0,2.0,0.0,1.0,0.0
2015-09-26,2015-2016,La Liga,Atlético Madrid,Villarreal,Away,0,1,L,Antoine Griezmann,Y,FW,90,0,0,1.0,1.0,1,0,3.0,2.0,0.0,3.0,1.0
2015-10-04,2015-2016,La Liga,Atlético Madrid,Real Madrid,Home,1,1,D,Antoine Griezmann,Y,FW,90,0,0,2.0,2.0,1,0,4.0,1.0,0.0,2.0,1.0
2015-10-18,2015-2016,La Liga,Atlético Madrid,Real Sociedad,Away,2,0,W,Antoine Griezmann,Y,FW,86,1,0,2.0,1.0,0,0,0.0,1.0,0.0,0.0,2.0
2015-10-25,2015-2016,La Liga,Atlético Madrid,Valencia,Home,2,1,W,Antoine Griezmann,Y,FW,81,0,0,2.0,0.0,0,0,2.0,1.0,0.0,2.0,0.0
2015-10-30,2015-2016,La Liga,Atlético Madrid,Dep La Coruña,Away,1,1,D,Antoine Griezmann,Y,FW,90,0,0,4.0,1.0,0,0,1.0,2.0,0.0,2.0,1.0
2015-11-08,2015-2016,La Liga,Atlético Madrid,Sporting Gijón,Home,1,0,W,Antoine Griezmann,Y,FW,90,1,0,4.0,3.0,0,0,0.0,0.0,1.0,0.0,0.0
2015-11-22,2015-2016,La Liga,Atlético Madrid,Real Betis,Away,1,0,W,Antoine Griezmann,Y,FW,90,0,0,3.0,0.0,0,0,0.0,0.0,0.0,1.0,5.0
2015-11-28,2015-2016,La Liga,Atlético Madrid,Espanyol,Home,1,0,W,Antoine Griezmann,Y,FW,90,1,0,3.0,2.0,0,0,1.0,4.0,1.0,0.0,0.0
2015-12-05,2015-2016,La Liga,Atlético Madrid,Granada,Away,2,0,W,Antoine Griezmann,Y,FW,90,1,0,1.0,1.0,0,0,0.0,0.0,0.0,3.0,1.0
2015-12-13,2015-2016,La Liga,Atlético Madrid,Athletic Club,Home,2,1,W,Antoine Griezmann,Y,FW,87,1,0,2.0,1.0,0,0,0.0,1.0,0.0,1.0,2.0
2015-12-20,2015-2016,La Liga,Atlético Madrid,Málaga,Away,1,0,W,Antoine Griezmann,Y,FW,90,0,0,1.0,1.0,0,0,0.0,0.0,0.0,3.0,0.0
2015-12-30,2015-2016,La Liga,Atlético Madrid,Rayo Vallecano,Away,2,0,W,Antoine Griezmann,Y,FW,90,1,0,3.0,2.0,0,0,0.0,2.0,1.0,1.0,0.0
2016-01-02,2015-2016,La Liga,Atlético Madrid,Levante,Home,1,0,W,Antoine Griezmann,Y,FW,90,0,0,1.0,0.0,0,0,0.0,2.0,1.0,0.0,0.0
2016-01-10,2015-2016,La Liga,Atlético Madrid,Celta Vigo,Away,2,0,W,Antoine Griezmann,Y,FW,82,1,0,3.0,1.0,0,0,0.0,0.0,0.0,2.0,0.0
2016-01-17,2015-2016,La Liga,Atlético Madrid,Las Palmas,Away,3,0,W,Antoine Griezmann,Y,FW,90,2,0,3.0,3.0,0,0,2.0,2.0,0.0,1.0,3.0
2016-01-24,2015-2016,La Liga,Atlético Madrid,Sevilla,Home,0,0,D,Antoine Griezmann,Y,FW,90,0,0,5.0,0.0,0,0,1.0,0.0,2.0,0.0,0.0
2016-01-30,2015-2016,La Liga,Atlético Madrid,Barcelona,Away,1,2,L,Antoine Griezmann,Y,FW,66,0,0,2.0,1.0,0,0,0.0,0.0,1.0,0.0,2.0
2016-02-06,2015-2016,La Liga,Atlético Madrid,Eibar,Home,3,1,W,Antoine Griezmann,Y,FW,90,0,0,1.0,0.0,1,0,3.0,2.0,3.0,1.0,1.0
2016-02-14,2015-2016,La Liga,Atlético Madrid,Getafe,Away,1,0,W,Antoine Griezmann,Y,FW,85,0,0,0.0,0.0,0,0,0.0,1.0,0.0,2.0,0.0
2016-02-21,2015-2016,La Liga,Atlético Madrid,Villarreal,Home,0,0,D,Antoine Griezmann,Y,FW,61,0,0,2.0,0.0,0,0,1.0,1.0,0.0,1.0,1.0
2016-02-27,2015-2016,La Liga,Atlético Madrid,Real Madrid,Away,1,0,W,Antoine Griezmann,Y,FW,90,1,0,3.0,2.0,0,0,0.0,2.0,0.0,4.0,3.0
2016-03-01,2015-2016,La Liga,Atlético Madrid,Real Sociedad,Home,3,0,W,Antoine Griezmann,Y,FW,61,1,0,3.0,2.0,0,0,2.0,1.0,2.0,0.0,0.0
2016-03-06,2015-2016,La Liga,Atlético Madrid,Valencia,Away,3,1,W,Antoine Griezmann,Y,FW,87,1,1,4.0,2.0,0,0,0.0,0.0,1.0,1.0,1.0
2016-03-12,2015-2016,La Liga,Atlético Madrid,Dep La Coruña,Home,3,0,W,Antoine Griezmann,Y,FW,64,1,0,4.0,1.0,0,0,1.0,0.0,1.0,2.0,1.0
2016-03-19,2015-2016,La Liga,Atlético Madrid,Sporting Gijón,Away,2,1,L,Antoine Griezmann,Y,LW,62,1,0,1.0,1.0,0,0,0.0,1.0,0.0,1.0,0.0
2016-04-02,2015-2016,La Liga,Atlético Madrid,Real Betis,Home,5,1,W,Antoine Griezmann,Y,FW,90,2,1,8.0,5.0,0,0,1.0,1.0,0.0,1.0,2.0
2016-04-09,2015-2016,La Liga,Atlético Madrid,Espanyol,Away,3,1,W,Antoine Griezmann,Y,FW,60,1,0,4.0,1.0,0,0,1.0,2.0,0.0,1.0,0.0
2016-04-17,2015-2016,La Liga,Atlético Madrid,Granada,Home,3,0,W,Antoine Griezmann,Y,FW,62,0,0,0.0,0.0,0,0,0.0,1.0,1.0,2.0,0.0
2016-04-20,2015-2016,La Liga,Atlético Madrid,Athletic Club,Away,1,0,W,Antoine Griezmann,Y,FW,90,0,1,0.0,0.0,0,0,0.0,2.0,0.0,0.0,2.0
2016-04-23,2015-2016,La Liga,Atlético Madrid,Málaga,Home,1,0,W,Antoine Griezmann,Y,FW,65,0,0,2.0,0.0,0,0,0.0,0.0,1.0,1.0,0.0
2016-04-30,2015-2016,La Liga,Atlético Madrid,Rayo Vallecano,Home,1,0,W,Antoine Griezmann,N,,36,1,0,2.0,1.0,0,0,1.0,0.0,0.0,2.0,1.0
2016-05-08,2015-2016,La Liga,Atlético Madrid,Levante,Away,1,2,L,Antoine Griezmann,N,,45,0,0,2.0,2.0,0,0,0.0,0.0,1.0,0.0,0.0
2016-05-14,2015-2016,La Liga,Atlético Madrid,Celta Vigo,Home,2,0,W,Antoine Griezmann,Y,FW,73,1,0,1.0,1.0,1,0,1.0,2.0,1.0,0.0,0.0
2016-08-27,2016-2017,La Liga,Atlético Madrid,Leganés,Away,0,0,D,Antoine Griezmann,Y,FW,90,0,0,3.0,1.0,0,0,2.0,1.0,3.0,0.0,0.0
2016-09-10,2016-2017,La Liga,Atlético Madrid,Celta Vigo,Away,4,0,W,Antoine Griezmann,Y,FW,90,2,1,4.0,3.0,0,0,3.0,1.0,1.0,2.0,1.0
2016-09-17,2016-2017,La Liga,Atlético Madrid,Sporting Gijón,Home,5,0,W,Antoine Griezmann,Y,FW,68,2,0,4.0,2.0,0,0,1.0,1.0,1.0,1.0,3.0
2016-09-21,2016-2017,La Liga,Atlético Madrid,Barcelona,Away,1,1,D,Antoine Griezmann,Y,FW,90,0,0,2.0,1.0,1,0,1.0,2.0,0.0,1.0,0.0
2016-09-25,2016-2017,La Liga,Atlético Madrid,Dep La Coruña,Home,1,0,W,Antoine Griezmann,Y,FW,90,1,0,2.0,1.0,0,0,1.0,0.0,3.0,1.0,0.0
2016-10-02,2016-2017,La Liga,Atlético Madrid,Valencia,Away,2,0,W,Antoine Griezmann,Y,FW,79,1,0,5.0,3.0,1,0,3.0,2.0,0.0,1.0,1.0
2016-10-15,2016-2017,La Liga,Atlético Madrid,Granada,Home,7,1,W,Antoine Griezmann,Y,FW,66,0,1,2.0,1.0,0,0,0.0,0.0,0.0,0.0,0.0
2016-10-23,2016-2017,La Liga,Atlético Madrid,Sevilla,Away,0,1,L,Antoine Griezmann,Y,FW,90,0,0,1.0,0.0,0,0,0.0,2.0,1.0,1.0,0.0
2016-10-29,2016-2017,La Liga,Atlético Madrid,Málaga,Home,4,2,W,Antoine Griezmann,Y,FW,60,0,1,3.0,1.0,0,0,0.0,1.0,2.0,0.0,0.0
2016-11-05,2016-2017,La Liga,Atlético Madrid,Real Sociedad,Away,0,2,L,Antoine Griezmann,Y,FW,90,0,0,1.0,1.0,0,0,2.0,1.0,0.0,2.0,1.0
2016-11-19,2016-2017,La Liga,Atlético Madrid,Real Madrid,Home,0,3,L,Antoine Griezmann,Y,FW,90,0,0,2.0,1.0,0,0,1.0,1.0,2.0,1.0,0.0
2016-11-27,2016-2017,La Liga,Atlético Madrid,Osasuna,Away,3,0,W,Antoine Griezmann,Y,FW,83,0,0,0.0,0.0,0,0,0.0,0.0,0.0,1.0,0.0
2016-12-03,2016-2017,La Liga,Atlético Madrid,Espanyol,Home,0,0,D,Antoine Griezmann,Y,AM,90,0,0,3.0,1.0,0,0,1.0,0.0,0.0,0.0,1.0
2016-12-12,2016-2017,La Liga,Atlético Madrid,Villarreal,Away,0,3,L,Antoine Griezmann,Y,FW,90,0,0,3.0,1.0,0,0,1.0,0.0,1.0,1.0,0.0
2016-12-17,2016-2017,La Liga,Atlético Madrid,Las Palmas,Home,1,0,W,Antoine Griezmann,Y,FW,89,0,0,5.0,1.0,0,0,1.0,1.0,1.0,0.0,3.0
2017-01-07,2016-2017,La Liga,Atlético Madrid,Eibar,Away,2,0,W,Antoine Griezmann,Y,FW,90,1,0,3.0,1.0,0,0,0.0,0.0,1.0,1.0,1.0
2017-01-14,2016-2017,La Liga,Atlético Madrid,Real Betis,Home,1,0,W,Antoine Griezmann,Y,FW,89,0,0,1.0,0.0,0,0,0.0,0.0,0.0,0.0,0.0
2017-01-22,2016-2017,La Liga,Atlético Madrid,Athletic Club,Away,2,2,D,Antoine Griezmann,Y,FW,90,1,0,1.0,1.0,0,0,0.0,1.0,1.0,1.0,0.0
2017-01-28,2016-2017,La Liga,Atlético Madrid,Alavés,Away,0,0,D,Antoine Griezmann,Y,FW,90,0,0,5.0,1.0,0,0,4.0,3.0,2.0,1.0,0.0
2017-02-04,2016-2017,La Liga,Atlético Madrid,Leganés,Home,2,0,W,Antoine Griezmann,Y,FW,72,0,0,2.0,1.0,0,0,0.0,0.0,1.0,1.0,0.0
2017-02-12,2016-2017,La Liga,Atlético Madrid,Celta Vigo,Home,3,2,W,Antoine Griezmann,Y,FW,90,1,0,1.0,1.0,0,0,0.0,1.0,0.0,1.0,2.0
2017-02-18,2016-2017,La Liga,Atlético Madrid,Sporting Gijón,Away,4,1,W,Antoine Griezmann,Y,FW,90,0,2,1.0,0.0,0,0,2.0,1.0,1.0,1.0,0.0
2017-02-26,2016-2017,La Liga,Atlético Madrid,Barcelona,Home,1,2,L,Antoine Griezmann,Y,FW,90,0,0,3.0,2.0,0,0,0.0,2.0,0.0,2.0,1.0
2017-03-02,2016-2017,La Liga,Atlético Madrid,Dep La Coruña,Away,1,1,D,Antoine Griezmann,Y,FW,90,1,0,2.0,1.0,0,0,1.0,1.0,0.0,0.0,0.0
2017-03-05,2016-2017,La Liga,Atlético Madrid,Valencia,Home,3,0,W,Antoine Griezmann,Y,FW,84,2,0,7.0,4.0,0,0,0.0,1.0,0.0,2.0,0.0
2017-03-11,2016-2017,La Liga,Atlético Madrid,Granada,Away,1,0,W,Antoine Griezmann,Y,FW,90,1,0,3.0,1.0,0,0,0.0,3.0,1.0,0.0,1.0
2017-03-19,2016-2017,La Liga,Atlético Madrid,Sevilla,Home,3,1,W,Antoine Griezmann,Y,FW,90,1,1,3.0,1.0,0,0,1.0,2.0,0.0,1.0,0.0
2017-04-01,2016-2017,La Liga,Atlético Madrid,Málaga,Away,2,0,W,Antoine Griezmann,Y,FW,83,0,0,1.0,0.0,0,0,0.0,0.0,1.0,0.0,0.0
2017-04-04,2016-2017,La Liga,Atlético Madrid,Real Sociedad,Home,1,0,W,Antoine Griezmann,Y,FW,71,0,0,2.0,1.0,0,0,1.0,0.0,1.0,1.0,0.0
2017-04-08,2016-2017,La Liga,Atlético Madrid,Real Madrid,Away,1,1,D,Antoine Griezmann,Y,FW,90,1,0,2.0,2.0,0,0,0.0,0.0,2.0,1.0,1.0
2017-04-22,2016-2017,La Liga,Atlético Madrid,Espanyol,Away,1,0,W,Antoine Griezmann,Y,FW,90,1,0,3.0,1.0,0,0,0.0,2.0,0.0,0.0,1.0
2017-04-25,2016-2017,La Liga,Atlético Madrid,Villarreal,Home,0,1,L,Antoine Griezmann,Y,FW,90,0,0,4.0,3.0,0,0,0.0,1.0,0.0,1.0,0.0
2017-04-29,2016-2017,La Liga,Atlético Madrid,Las Palmas,Away,5,0,W,Antoine Griezmann,Y,FW,70,0,0,1.0,1.0,0,0,1.0,0.0,1.0,3.0,0.0
2017-05-06,2016-2017,La Liga,Atlético Madrid,Eibar,Home,1,0,W,Antoine Griezmann,Y,FW,85,0,0,1.0,1.0,1,0,0.0,1.0,0.0,1.0,0.0
2017-05-14,2016-2017,La Liga,Atlético Madrid,Real Betis,Away,1,1,D,Antoine Griezmann,Y,FW,74,0,0,0.0,0.0,0,0,1.0,1.0,0.0,0.0,0.0
2017-05-21,2016-2017,La Liga,Atlético Madrid,Athletic Club,Home,3,1,W,Antoine Griezmann,Y,FW,90,0,1,2.0,0.0,0,0,1.0,2.0,1.0,2.0,0.0
2017-08-19,2017-2018,La Liga,Atlético Madrid,Girona,Away,2,2,D,Antoine Griezmann,Y,FW,66,0,0,1.0,0.0,1,1,1.0,0.0,1.0,0.0,0.0
2017-09-16,2017-2018,La Liga,Atlético Madrid,Málaga,Home,1,0,W,Antoine Griezmann,Y,FW,90,1,0,1.0,1.0,0,0,0.0,0.0,2.0,1.0,3.0
2017-09-20,2017-2018,La Liga,Atlético Madrid,Athletic Club,Away,2,1,W,Antoine Griezmann,Y,FW,90,0,1,5.0,5.0,0,0,1.0,2.0,1.0,0.0,1.0
2017-09-23,2017-2018,La Liga,Atlético Madrid,Sevilla,Home,2,0,W,Antoine Griezmann,Y,FW,71,1,0,2.0,1.0,0,0,1.0,4.0,1.0,0.0,1.0
2017-09-30,2017-2018,La Liga,Atlético Madrid,Leganés,Away,0,0,D,Antoine Griezmann,Y,FW,66,0,0,0.0,0.0,0,0,1.0,2.0,0.0,1.0,1.0
2017-10-14,2017-2018,La Liga,Atlético Madrid,Barcelona,Home,1,1,D,Antoine Griezmann,Y,FW,90,0,0,3.0,2.0,1,0,1.0,1.0,1.0,0.0,1.0
2017-10-22,2017-2018,La Liga,Atlético Madrid,Celta Vigo,Away,1,0,W,Antoine Griezmann,Y,FW,90,0,0,3.0,1.0,0,0,0.0,2.0,0.0,2.0,0.0
2017-10-28,2017-2018,La Liga,Atlético Madrid,Villarreal,Home,1,1,D,Antoine Griezmann,Y,FW,90,0,1,6.0,1.0,0,0,2.0,3.0,0.0,0.0,0.0
2017-11-04,2017-2018,La Liga,Atlético Madrid,Dep La Coruña,Away,1,0,W,Antoine Griezmann,Y,FW,79,0,0,1.0,1.0,1,0,1.0,1.0,0.0,1.0,1.0
2017-11-18,2017-2018,La Liga,Atlético Madrid,Real Madrid,Home,0,0,D,Antoine Griezmann,Y,FW,75,0,0,0.0,0.0,0,0,0.0,0.0,1.0,1.0,0.0
2017-11-25,2017-2018,La Liga,Atlético Madrid,Levante,Away,5,0,W,Antoine Griezmann,Y,RM,90,2,1,2.0,2.0,0,0,0.0,2.0,1.0,3.0,0.0
2017-12-02,2017-2018,La Liga,Atlético Madrid,Real Sociedad,Home,2,1,W,Antoine Griezmann,Y,FW,89,1,0,5.0,3.0,0,0,1.0,1.0,1.0,0.0,0.0
2017-12-16,2017-2018,La Liga,Atlético Madrid,Alavés,Home,1,0,W,Antoine Griezmann,Y,FW,90,0,0,2.0,1.0,0,0,1.0,4.0,0.0,1.0,0.0
2017-12-22,2017-2018,La Liga,Atlético Madrid,Espanyol,Away,0,1,L,Antoine Griezmann,Y,FW,90,0,0,0.0,0.0,0,0,1.0,2.0,3.0,2.0,0.0
2018-01-06,2017-2018,La Liga,Atlético Madrid,Getafe,Home,2,0,W,Antoine Griezmann,Y,FW,90,0,1,2.0,1.0,1,0,1.0,3.0,2.0,1.0,2.0
2018-01-13,2017-2018,La Liga,Atlético Madrid,Eibar,Away,1,0,W,Antoine Griezmann,Y,FW,75,0,1,1.0,1.0,0,0,0.0,0.0,2.0,0.0,1.0
2018-01-20,2017-2018,La Liga,Atlético Madrid,Girona,Home,1,1,D,Antoine Griezmann,Y,AM,70,1,0,4.0,2.0,0,0,0.0,3.0,1.0,4.0,0.0
2018-01-28,2017-2018,La Liga,Atlético Madrid,Las Palmas,Home,3,0,W,Antoine Griezmann,Y,FW,90,1,0,7.0,2.0,0,0,2.0,1.0,3.0,0.0,0.0
2018-02-04,2017-2018,La Liga,Atlético Madrid,Valencia,Home,1,0,W,Antoine Griezmann,Y,FW,90,0,0,2.0,1.0,0,0,1.0,2.0,0.0,0.0,0.0
2018-02-10,2017-2018,La Liga,Atlético Madrid,Málaga,Away,1,0,W,Antoine Griezmann,Y,FW,90,1,0,1.0,1.0,0,0,1.0,1.0,0.0,4.0,1.0
2018-02-18,2017-2018,La Liga,Atlético Madrid,Athletic Club,Home,2,0,W,Antoine Griezmann,Y,FW,90,0,1,2.0,0.0,0,0,1.0,3.0,0.0,3.0,1.0
2018-02-25,2017-2018,La Liga,Atlético Madrid,Sevilla,Away,5,2,W,Antoine Griezmann,Y,FW,90,3,1,4.0,3.0,0,0,1.0,1.0,0.0,0.0,0.0
2018-02-28,2017-2018,La Liga,Atlético Madrid,Leganés,Home,4,0,W,Antoine Griezmann,Y,FW,72,4,0,7.0,6.0,1,0,1.0,0.0,1.0,1.0,1.0
2018-03-04,2017-2018,La Liga,Atlético Madrid,Barcelona,Away,0,1,L,Antoine Griezmann,Y,FW,90,0,0,1.0,0.0,0,0,0.0,1.0,1.0,1.0,0.0
2018-03-11,2017-2018,La Liga,Atlético Madrid,Celta Vigo,Home,3,0,W,Antoine Griezmann,Y,FW,68,1,1,1.0,1.0,0,0,0.0,0.0,0.0,2.0,0.0
2018-03-18,2017-2018,La Liga,Atlético Madrid,Villarreal,Away,2,1,W,Antoine Griezmann,Y,FW,80,1,0,2.0,1.0,1,0,1.0,1.0,1.0,0.0,0.0
2018-04-08,2017-2018,La Liga,Atlético Madrid,Real Madrid,Away,1,1,D,Antoine Griezmann,Y,FW,90,1,0,2.0,1.0,0,0,0.0,1.0,1.0,1.0,0.0
2018-04-15,2017-2018,La Liga,Atlético Madrid,Levante,Home,3,0,W,Antoine Griezmann,Y,FW,57,1,0,3.0,1.0,1,0,2.0,0.0,0.0,0.0,0.0
2018-04-19,2017-2018,La Liga,Atlético Madrid,Real Sociedad,Away,0,3,L,Antoine Griezmann,Y,FW,90,0,0,1.0,0.0,0,0,0.0,2.0,0.0,1.0,0.0
2018-04-22,2017-2018,La Liga,Atlético Madrid,Real Betis,Home,0,0,D,Antoine Griezmann,N,,28,0,0,0.0,0.0,0,0,2.0,0.0,0.0,1.0,0.0
2018-05-12,2017-2018,La Liga,Atlético Madrid,Getafe,Away,1,0,W,Antoine Griezmann,Y,FW,61,0,1,0.0,0.0,0,0,1.0,1.0,2.0,0.0,0.0
2018-05-20,2017-2018,La Liga,Atlético Madrid,Eibar,Home,2,2,D,Antoine Griezmann,N,,32,0,0,1.0,1.0,0,0,0.0,0.0,1.0,0.0,0.0
2018-08-20,2018-2019,La Liga,Atlético Madrid,Valencia,Away,1,1,D,Antoine Griezmann,Y,FW,71,0,1,0.0,0.0,0,0,0.0,2.0,1.0,0.0,1.0
2018-08-25,2018-2019,La Liga,Atlético Madrid,Rayo Vallecano,Home,1,0,W,Antoine Griezmann,Y,FW,75,1,0,2.0,1.0,0,0,1.0,1.0,1.0,5.0,1.0
2018-09-01,2018-2019,La Liga,Atlético Madrid,Celta Vigo,Away,0,2,L,Antoine Griezmann,Y,FW,90,0,0,3.0,0.0,0,0,0.0,2.0,0.0,6.0,0.0
2018-09-15,2018-2019,La Liga,Atlético Madrid,Eibar,Home,1,1,D,Antoine Griezmann,Y,RW,90,0,1,3.0,3.0,0,0,0.0,3.0,1.0,4.0,0.0
2018-09-22,2018-2019,La Liga,Atlético Madrid,Getafe,Away,2,0,W,Antoine Griezmann,Y,FW,90,0,0,4.0,2.0,0,0,1.0,2.0,3.0,0.0,0.0
2018-09-25,2018-2019,La Liga,Atlético Madrid,Huesca,Home,3,0,W,Antoine Griezmann,Y,FW,52,1,0,3.0,2.0,0,0,0.0,1.0,0.0,0.0,0.0
2018-09-29,2018-2019,La Liga,Atlético Madrid,Real Madrid,Away,0,0,D,Antoine Griezmann,Y,FW,90,0,0,2.0,1.0,0,0,0.0,0.0,1.0,2.0,1.0
2018-10-07,2018-2019,La Liga,Atlético Madrid,Real Betis,Home,1,0,W,Antoine Griezmann,Y,FW,90,0,0,3.0,0.0,0,0,0.0,2.0,0.0,0.0,0.0
2018-10-20,2018-2019,La Liga,Atlético Madrid,Villarreal,Away,1,1,D,Antoine Griezmann,Y,FW,90,0,0,1.0,0.0,0,0,0.0,2.0,0.0,5.0,0.0
2018-10-27,2018-2019,La Liga,Atlético Madrid,Real Sociedad,Home,2,0,W,Antoine Griezmann,Y,FW,90,0,0,3.0,0.0,0,0,2.0,1.0,2.0,1.0,0.0
2018-11-03,2018-2019,La Liga,Atlético Madrid,Leganés,Away,1,1,D,Antoine Griezmann,Y,FW,90,1,0,5.0,3.0,0,0,0.0,0.0,0.0,3.0,1.0
2018-11-10,2018-2019,La Liga,Atlético Madrid,Athletic Club,Home,3,2,W,Antoine Griezmann,Y,FW,90,0,1,1.0,0.0,0,0,2.0,0.0,0.0,11.0,0.0
2018-11-24,2018-2019,La Liga,Atlético Madrid,Barcelona,Home,1,1,D,Antoine Griezmann,Y,FW,90,0,1,1.0,0.0,1,0,1.0,1.0,0.0,5.0,2.0
2018-12-02,2018-2019,La Liga,Atlético Madrid,Girona,Away,1,1,D,Antoine Griezmann,Y,FW,90,0,0,5.0,1.0,1,0,1.0,0.0,0.0,0.0,1.0
2018-12-08,2018-2019,La Liga,Atlético Madrid,Alavés,Home,3,0,W,Antoine Griezmann,Y,FW,90,1,0,3.0,1.0,0,0,0.0,1.0,0.0,3.0,3.0
2018-12-15,2018-2019,La Liga,Atlético Madrid,Valladolid,Away,3,2,W,Antoine Griezmann,Y,FW,90,2,1,6.0,3.0,0,0,0.0,0.0,2.0,3.0,2.0
2018-12-22,2018-2019,La Liga,Atlético Madrid,Espanyol,Home,1,0,W,Antoine Griezmann,Y,FW,90,1,0,4.0,4.0,0,0,1.0,2.0,0.0,4.0,0.0
2019-01-06,2018-2019,La Liga,Atlético Madrid,Sevilla,Away,1,1,D,Antoine Griezmann,Y,FW,90,1,0,6.0,4.0,1,0,3.0,0.0,0.0,2.0,0.0
2019-01-13,2018-2019,La Liga,Atlético Madrid,Levante,Home,1,0,W,Antoine Griezmann,Y,FW,90,1,0,6.0,3.0,0,0,0.0,1.0,0.0,2.0,0.0
2019-01-19,2018-2019,La Liga,Atlético Madrid,Huesca,Away,3,0,W,Antoine Griezmann,Y,FW,90,0,1,4.0,0.0,0,0,1.0,2.0,1.0,0.0,0.0
2019-01-26,2018-2019,La Liga,Atlético Madrid,Getafe,Home,2,0,W,Antoine Griezmann,Y,FW,90,1,0,2.0,1.0,0,0,0.0,0.0,0.0,2.0,0.0
2019-02-03,2018-2019,La Liga,Atlético Madrid,Real Betis,Away,0,1,L,Antoine Griezmann,Y,FW,90,0,0,5.0,0.0,0,0,0.0,1.0,0.0,5.0,1.0
2019-02-09,2018-2019,La Liga,Atlético Madrid,Real Madrid,Home,1,3,L,Antoine Griezmann,Y,FW,90,1,0,4.0,1.0,1,0,1.0,2.0,0.0,1.0,0.0
2019-02-16,2018-2019,La Liga,Atlético Madrid,Rayo Vallecano,Away,1,0,W,Antoine Griezmann,Y,FW,90,1,0,1.0,1.0,0,0,0.0,2.0,0.0,5.0,0.0
2019-02-24,2018-2019,La Liga,Atlético Madrid,Villarreal,Home,2,0,W,Antoine Griezmann,Y,FW,90,0,0,3.0,1.0,0,0,0.0,1.0,0.0,5.0,0.0
2019-03-03,2018-2019,La Liga,Atlético Madrid,Real Sociedad,Away,2,0,W,Antoine Griezmann,Y,FW,90,0,0,1.0,0.0,0,0,0.0,0.0,0.0,2.0,2.0
2019-03-09,2018-2019,La Liga,Atlético Madrid,Leganés,Home,1,0,W,Antoine Griezmann,Y,FW,45,0,0,2.0,0.0,0,0,0.0,0.0,0.0,3.0,0.0
2019-03-16,2018-2019,La Liga,Atlético Madrid,Athletic Club,Away,0,2,L,Antoine Griezmann,Y,RM,90,0,0,1.0,0.0,0,0,0.0,0.0,0.0,2.0,1.0
2019-03-30,2018-2019,La Liga,Atlético Madrid,Alavés,Away,4,0,W,Antoine Griezmann,Y,RM,76,0,1,1.0,1.0,0,0,1.0,0.0,0.0,1.0,1.0
2019-04-02,2018-2019,La Liga,Atlético Madrid,Girona,Home,2,0,W,Antoine Griezmann,Y,FW,90,1,0,5.0,4.0,0,0,0.0,0.0,0.0,3.0,0.0
2019-04-06,2018-2019,La Liga,Atlético Madrid,Barcelona,Away,0,2,L,Antoine Griezmann,Y,FW,90,0,0,2.0,2.0,0,0,0.0,1.0,0.0,2.0,0.0
2019-04-13,2018-2019,La Liga,Atlético Madrid,Celta Vigo,Home,2,0,W,Antoine Griezmann,Y,FW,89,1,1,6.0,3.0,1,0,1.0,2.0,0.0,2.0,1.0
2019-04-24,2018-2019,La Liga,Atlético Madrid,Valencia,Home,3,2,W,Antoine Griezmann,Y,FW,90,1,0,5.0,2.0,0,0,1.0,1.0,0.0,4.0,1.0
2019-04-27,2018-2019,La Liga,Atlético Madrid,Valladolid,Home,1,0,W,Antoine Griezmann,Y,FW,90,0,0,4.0,1.0,0,0,0.0,1.0,0.0,1.0,0.0
2019-05-04,2018-2019,La Liga,Atlético Madrid,Espanyol,Away,0,3,L,Antoine Griezmann,Y,FW,90,0,0,2.0,0.0,0,0,0.0,1.0,0.0,4.0,0.0
2019-05-12,2018-2019,La Liga,Atlético Madrid,Sevilla,Home,1,1,D,Antoine Griezmann,Y,FW,90,0,0,1.0,0.0,0,0,0.0,0.0,0.0,3.0,1.0
2019-05-18,2018-2019,La Liga,Atlético Madrid,Levante,Away,2,2,D,Antoine Griezmann,Y,FW,90,0,0,3.0,1.0,0,0,0.0,1.0,0.0,1.0,0.0
2019-08-16,2019-2020,La Liga,Barcelona,Athletic Club,Away,0,1,L,Antoine Griezmann,Y,FW,90,0,0,3.0,0.0,0,0,2.0,1.0,1.0,2.0,0.0
2019-08-25,2019-2020,La Liga,Barcelona,Real Betis,Home,5,2,W,Antoine Griezmann,Y,FW,90,2,1,7.0,4.0,0,0,1.0,3.0,1.0,1.0,1.0
2019-08-31,2019-2020,La Liga,Barcelona,Osasuna,Away,2,2,D,Antoine Griezmann,Y,FW,90,0,0,0.0,0.0,0,0,0.0,1.0,0.0,1.0,0.0
2019-09-14,2019-2020,La Liga,Barcelona,Valencia,Home,5,2,W,Antoine Griezmann,Y,FW,90,0,1,3.0,2.0,0,0,1.0,0.0,0.0,0.0,0.0
2019-09-21,2019-2020,La Liga,Barcelona,Granada,Away,0,2,L,Antoine Griezmann,Y,FW,90,0,0,1.0,0.0,0,0,2.0,0.0,1.0,0.0,0.0
2019-09-24,2019-2020,La Liga,Barcelona,Villarreal,Home,2,1,W,Antoine Griezmann,Y,FW,90,1,0,3.0,1.0,1,0,1.0,1.0,0.0,0.0,1.0
2019-09-28,2019-2020,La Liga,Barcelona,Getafe,Away,2,0,W,Antoine Griezmann,Y,FW,74,0,0,1.0,1.0,0,0,1.0,0.0,1.0,0.0,1.0
2019-10-19,2019-2020,La Liga,Barcelona,Eibar,Away,3,0,W,Antoine Griezmann,Y,FW,90,1,1,1.0,1.0,0,0,1.0,1.0,1.0,0.0,2.0
2019-10-29,2019-2020,La Liga,Barcelona,Valladolid,Home,5,1,W,Antoine Griezmann,N,FW,28,0,0,0.0,0.0,0,0,0.0,0.0,1.0,1.0,0.0
2019-11-02,2019-2020,La Liga,Barcelona,Levante,Away,1,3,L,Antoine Griezmann,Y,FW,90,0,0,1.0,1.0,1,0,0.0,2.0,0.0,0.0,1.0
2019-11-09,2019-2020,La Liga,Barcelona,Celta Vigo,Home,4,1,W,Antoine Griezmann,Y,FW,72,0,0,2.0,1.0,0,0,0.0,1.0,0.0,0.0,0.0
2019-11-23,2019-2020,La Liga,Barcelona,Leganés,Away,2,1,W,Antoine Griezmann,Y,AM,56,0,0,1.0,0.0,0,0,1.0,1.0,1.0,0.0,0.0
2019-12-01,2019-2020,La Liga,Barcelona,Atlético Madrid,Away,1,0,W,Antoine Griezmann,Y,FW,90,0,0,2.0,1.0,0,0,0.0,1.0,0.0,0.0,0.0
2019-12-07,2019-2020,La Liga,Barcelona,Mallorca,Home,5,2,W,Antoine Griezmann,Y,FW,84,1,1,2.0,2.0,0,0,0.0,0.0,2.0,1.0,0.0
2019-12-14,2019-2020,La Liga,Barcelona,Real Sociedad,Away,2,2,D,Antoine Griezmann,Y,FW,90,1,0,3.0,2.0,0,0,1.0,1.0,2.0,1.0,0.0
2019-12-18,2019-2020,La Liga,Barcelona,Real Madrid,Home,0,0,D,Antoine Griezmann,Y,FW,82,0,0,1.0,0.0,0,0,2.0,0.0,1.0,0.0,0.0
2019-12-21,2019-2020,La Liga,Barcelona,Alavés,Home,4,1,W,Antoine Griezmann,Y,FW,90,1,0,1.0,1.0,0,0,0.0,1.0,1.0,1.0,0.0
2020-01-04,2019-2020,La Liga,Barcelona,Espanyol,Away,2,2,D,Antoine Griezmann,Y,FW,79,0,0,1.0,0.0,0,0,2.0,0.0,0.0,0.0,0.0
2020-01-19,2019-2020,La Liga,Barcelona,Granada,Home,1,0,W,Antoine Griezmann,Y,FW,90,0,0,4.0,2.0,0,0,0.0,0.0,0.0,0.0,1.0
2020-01-25,2019-2020,La Liga,Barcelona,Valencia,Away,0,2,L,Antoine Griezmann,Y,FW,90,0,0,0.0,0.0,0,0,1.0,1.0,1.0,2.0,0.0
2020-02-02,2019-2020,La Liga,Barcelona,Levante,Home,2,1,W,Antoine Griezmann,Y,FW,70,0,0,3.0,0.0,0,0,0.0,0.0,1.0,0.0,0.0
2020-02-09,2019-2020,La Liga,Barcelona,Real Betis,Away,3,2,W,Antoine Griezmann,Y,FW,88,0,0,0.0,0.0,0,0,1.0,0.0,3.0,0.0,0.0
2020-02-15,2019-2020,La Liga,Barcelona,Getafe,Home,2,1,W,Antoine Griezmann,Y,FW,90,1,0,3.0,1.0,0,0,3.0,1.0,1.0,0.0,0.0
2020-02-22,2019-2020,La Liga,Barcelona,Eibar,Home,5,0,W,Antoine Griezmann,Y,FW,71,0,0,2.0,1.0,0,0,0.0,3.0,0.0,0.0,0.0
2020-03-01,2019-2020,La Liga,Barcelona,Real Madrid,Away,0,2,L,Antoine Griezmann,Y,FW,80,0,0,2.0,0.0,0,0,0.0,0.0,0.0,1.0,0.0
2020-03-07,2019-2020,La Liga,Barcelona,Real Sociedad,Home,1,0,W,Antoine Griezmann,Y,FW,84,0,0,1.0,0.0,0,0,0.0,0.0,0.0,4.0,1.0
2020-06-13,2019-2020,La Liga,Barcelona,Mallorca,Away,4,0,W,Antoine Griezmann,Y,FW,56,0,0,0.0,0.0,0,0,0.0,1.0,1.0,0.0,1.0
2020-06-16,2019-2020,La Liga,Barcelona,Leganés,Home,2,0,W,Antoine Griezmann,Y,FW,90,0,0,2.0,0.0,0,0,1.0,0.0,0.0,0.0,1.0
2020-06-19,2019-2020,La Liga,Barcelona,Sevilla,Away,0,0,D,Antoine Griezmann,N,FW,14,0,0,0.0,0.0,0,0,0.0,0.0,0.0,0.0,0.0
2020-06-23,2019-2020,La Liga,Barcelona,Athletic Club,Home,1,0,W,Antoine Griezmann,Y,FW,64,0,0,1.0,1.0,0,0,3.0,0.0,0.0,2.0,0.0
2020-06-27,2019-2020,La Liga,Barcelona,Celta Vigo,Away,2,2,D,Antoine Griezmann,N,FW,10,0,0,0.0,0.0,0,0,0.0,0.0,0.0,0.0,0.0
2020-06-30,2019-2020,La Liga,Barcelona,Atlético Madrid,Home,2,2,D,Antoine Griezmann,N,FW,1,0,0,0.0,0.0,0,0,0.0,0.0,0.0,1.0,0.0
2020-07-05,2019-2020,La Liga,Barcelona,Villarreal,Away,4,1,W,Antoine Griezmann,Y,FW,71,1,0,2.0,1.0,0,0,0.0,0.0,1.0,0.0,0.0
2020-07-08,2019-2020,La Liga,Barcelona,Espanyol,Home,1,0,W,Antoine Griezmann,Y,FW,70,0,0,1.0,0.0,0,0,2.0,0.0,1.0,0.0,0.0
2020-07-11,2019-2020,La Liga,Barcelona,Valladolid,Away,1,0,W,Antoine Griezmann,Y,FW,45,0,0,1.0,0.0,0,0,0.0,0.0,0.0,0.0,0.0
2020-09-27,2020-2021,La Liga,Barcelona,Villarreal,Home,4,0,W,Antoine Griezmann,Y,AM,77,0,0,1.0,0.0,0,0,0.0,0.0,0.0,0.0,0.0
2020-10-01,2020-2021,La Liga,Barcelona,Celta Vigo,Away,3,0,W,Antoine Griezmann,Y,AM,44,0,0,1.0,0.0,0,0,1.0,0.0,0.0,0.0,0.0
2020-10-04,2020-2021,La Liga,Barcelona,Sevilla,Home,1,1,D,Antoine Griezmann,Y,AM,60,0,0,2.0,1.0,0,0,1.0,0.0,0.0,1.0,0.0
2020-10-17,2020-2021,La Liga,Barcelona,Getafe,Away,0,1,L,Antoine Griezmann,Y,FW,79,0,0,1.0,0.0,0,0,0.0,1.0,0.0,0.0,2.0
2020-10-24,2020-2021,La Liga,Barcelona,Real Madrid,Home,1,3,L,Antoine Griezmann,N,FW,10,0,0,0.0,0.0,0,0,0.0,0.0,0.0,0.0,0.0
2020-10-31,2020-2021,La Liga,Barcelona,Alavés,Away,1,1,D,Antoine Griezmann,Y,FW,90,1,0,2.0,1.0,0,0,2.0,0.0,0.0,3.0,1.0
2020-11-07,2020-2021,La Liga,Barcelona,Real Betis,Home,5,2,W,Antoine Griezmann,Y,FW,77,1,1,5.0,2.0,0,0,3.0,0.0,0.0,0.0,0.0
2020-11-21,2020-2021,La Liga,Barcelona,Atlético Madrid,Away,0,1,L,Antoine Griezmann,Y,FW,82,0,0,2.0,1.0,0,0,0.0,1.0,0.0,0.0,0.0
2020-11-29,2020-2021,La Liga,Barcelona,Osasuna,Home,4,0,W,Antoine Griezmann,Y,FW,90,1,1,4.0,3.0,0,0,1.0,0.0,1.0,0.0,1.0
2020-12-05,2020-2021,La Liga,Barcelona,Cádiz,Away,1,2,L,Antoine Griezmann,Y,AM,90,0,0,2.0,1.0,0,0,1.0,0.0,0.0,1.0,0.0
2020-12-13,2020-2021,La Liga,Barcelona,Levante,Home,1,0,W,Antoine Griezmann,Y,AM,88,0,0,4.0,3.0,0,0,1.0,1.0,4.0,0.0,0.0
2020-12-16,2020-2021,La Liga,Barcelona,Real Sociedad,Home,2,1,W,Antoine Griezmann,Y,AM,65,0,0,4.0,1.0,0,0,0.0,1.0,1.0,1.0,0.0
2020-12-19,2020-2021,La Liga,Barcelona,Valencia,Home,2,2,D,Antoine Griezmann,Y,RW,72,0,0,1.0,1.0,1,0,2.0,2.0,0.0,0.0,0.0
2020-12-29,2020-2021,La Liga,Barcelona,Eibar,Home,1,1,D,Antoine Griezmann,Y,AM,65,0,0,2.0,1.0,0,0,2.0,0.0,0.0,0.0,0.0
2021-01-03,2020-2021,La Liga,Barcelona,Huesca,Away,1,0,W,Antoine Griezmann,N,FW,10,0,0,0.0,0.0,0,0,0.0,0.0,0.0,0.0,0.0
2021-01-06,2020-2021,La Liga,Barcelona,Athletic Club,Away,3,2,W,Antoine Griezmann,Y,FW,90,0,1,3.0,2.0,0,1,1.0,0.0,3.0,2.0,0.0
2021-01-09,2020-2021,La Liga,Barcelona,Granada,Away,4,0,W,Antoine Griezmann,Y,FW,90,2,1,4.0,2.0,0,0,2.0,1.0,0.0,0.0,0.0
2021-01-24,2020-2021,La Liga,Barcelona,Elche,Away,2,0,W,Antoine Griezmann,Y,FW,90,0,0,3.0,1.0,1,0,1.0,3.0,0.0,0.0,0.0
2021-01-31,2020-2021,La Liga,Barcelona,Athletic Club,Home,2,1,W,Antoine Griezmann,Y,AM,83,1,0,3.0,2.0,0,0,2.0,1.0,2.0,0.0,1.0
2021-02-07,2020-2021,La Liga,Barcelona,Real Betis,Away,3,2,W,Antoine Griezmann,Y,FW,90,0,0,2.0,0.0,0,0,0.0,1.0,1.0,1.0,0.0
2021-02-13,2020-2021,La Liga,Barcelona,Alavés,Home,5,1,W,Antoine Griezmann,Y,FW,80,0,2,2.0,0.0,0,0,2.0,0.0,0.0,0.0,0.0
2021-02-21,2020-2021,La Liga,Barcelona,Cádiz,Home,1,1,D,Antoine Griezmann,Y,FW,64,0,0,1.0,0.0,0,0,0.0,1.0,0.0,1.0,0.0
2021-02-24,2020-2021,La Liga,Barcelona,Elche,Home,3,0,W,Antoine Griezmann,N,FW,15,0,0,1.0,0.0,0,0,0.0,0.0,1.0,1.0,0.0
2021-03-06,2020-2021,La Liga,Barcelona,Osasuna,Home,2,0,W,Antoine Griezmann,Y,FW,66,0,0,1.0,0.0,0,0,1.0,0.0,0.0,0.0,0.0
2021-03-15,2020-2021,La Liga,Barcelona,Huesca,Home,4,1,W,Antoine Griezmann,Y,AM,68,1,0,1.0,1.0,0,0,0.0,2.0,2.0,1.0,0.0
2021-03-21,2020-2021,La Liga,Barcelona,Real Sociedad,Away,6,1,W,Antoine Griezmann,Y,AM,84,1,0,1.0,1.0,0,0,0.0,1.0,0.0,1.0,0.0
2021-04-05,2020-2021,La Liga,Barcelona,Valladolid,Home,1,0,W,Antoine Griezmann,Y,AM,62,0,0,2.0,0.0,1,0,1.0,1.0,1.0,1.0,0.0
2021-04-10,2020-2021,La Liga,Barcelona,Real Madrid,Away,1,2,L,Antoine Griezmann,N,FW,45,0,0,0.0,0.0,0,0,1.0,1.0,0.0,0.0,0.0
2021-04-22,2020-2021,La Liga,Barcelona,Getafe,Home,5,2,W,Antoine Griezmann,Y,FW,90,1,1,1.0,1.0,0,0,2.0,0.0,0.0,2.0,0.0
2021-04-25,2020-2021,La Liga,Barcelona,Villarreal,Away,2,1,W,Antoine Griezmann,Y,FW,79,2,0,5.0,3.0,1,0,1.0,1.0,0.0,1.0,0.0
2021-04-29,2020-2021,La Liga,Barcelona,Granada,Home,1,2,L,Antoine Griezmann,Y,FW,90,0,1,2.0,1.0,0,0,1.0,1.0,1.0,0.0,0.0
2021-05-02,2020-2021,La Liga,Barcelona,Valencia,Away,3,2,W,Antoine Griezmann,Y,FW,90,1,0,3.0,1.0,0,0,1.0,1.0,0.0,1.0,0.0
2021-05-08,2020-2021,La Liga,Barcelona,Atlético Madrid,Home,0,0,D,Antoine Griezmann,Y,FW,90,0,0,2.0,2.0,0,0,1.0,2.0,1.0,1.0,0.0
2021-05-11,2020-2021,La Liga,Barcelona,Levante,Away,3,3,D,Antoine Griezmann,Y,FW,80,0,0,0.0,0.0,0,0,1.0,0.0,1.0,0.0,0.0
2021-05-16,2020-2021,La Liga,Barcelona,Celta Vigo,Home,1,2,L,Antoine Griezmann,Y,FW,69,0,0,2.0,1.0,0,0,0.0,0.0,0.0,1.0,0.0
2021-05-22,2020-2021,La Liga,Barcelona,Eibar,Away,1,0,W,Antoine Griezmann,Y,FW,90,0,0,1.0,1.0,0,0,0.0,0.0,2.0,2.0,0.0
2021-08-15,2021-2022,La Liga,Barcelona,Real Sociedad,Home,4,2,W,Antoine Griezmann,Y,FW,90,0,0,3.0,0.0,0,0,2.0,1.0,0.0,2.0,2.0
2021-08-21,2021-2022,La Liga,Barcelona,Athletic Club,Away,1,1,D,Antoine Griezmann,Y,FW,90,0,0,1.0,0.0,0,0,0.0,3.0,0.0,1.0,0.0
2021-08-29,2021-2022,La Liga,Barcelona,Getafe,Home,2,1,W,Antoine Griezmann,Y,FW,83,0,0,0.0,0.0,0,0,0.0,0.0,0.0,1.0,1.0
2021-09-12,2021-2022,La Liga,Atlético Madrid,Espanyol,Away,2,1,W,Antoine Griezmann,Y,AM,57,0,0,2.0,0.0,0,0,0.0,0.0,1.0,0.0,0.0
2021-09-18,2021-2022,La Liga,Atlético Madrid,Athletic Club,Home,0,0,D,Antoine Griezmann,Y,FW,54,0,0,2.0,0.0,0,0,0.0,1.0,0.0,0.0,0.0
2021-09-21,2021-2022,La Liga,Atlético Madrid,Getafe,Away,2,1,W,Antoine Griezmann,Y,AM,66,0,0,2.0,0.0,0,0,0.0,0.0,2.0,0.0,0.0
2021-09-25,2021-2022,La Liga,Atlético Madrid,Alavés,Away,0,1,L,Antoine Griezmann,Y,FW,90,0,0,0.0,0.0,0,0,0.0,0.0,2.0,0.0,0.0
2021-10-02,2021-2022,La Liga,Atlético Madrid,Barcelona,Home,2,0,W,Antoine Griezmann,N,FW,19,0,0,0.0,0.0,0,0,1.0,1.0,0.0,0.0,0.0
2021-10-24,2021-2022,La Liga,Atlético Madrid,Real Sociedad,Home,2,2,D,Antoine Griezmann,Y,FW,72,0,0,3.0,1.0,0,0,0.0,0.0,1.0,1.0,0.0
2021-10-28,2021-2022,La Liga,Atlético Madrid,Levante,Away,2,2,D,Antoine Griezmann,Y,AM,71,1,0,1.0,1.0,0,0,0.0,3.0,1.0,2.0,1.0
2021-10-31,2021-2022,La Liga,Atlético Madrid,Real Betis,Home,3,0,W,Antoine Griezmann,Y,AM,90,0,0,3.0,2.0,0,0,3.0,1.0,0.0,7.0,1.0
2021-11-07,2021-2022,La Liga,Atlético Madrid,Valencia,Away,3,3,D,Antoine Griezmann,Y,AM,90,1,0,3.0,1.0,1,0,2.0,2.0,0.0,1.0,1.0
2021-11-20,2021-2022,La Liga,Atlético Madrid,Osasuna,Home,1,0,W,Antoine Griezmann,Y,FW,74,0,0,3.0,0.0,1,0,1.0,1.0,0.0,2.0,2.0
2021-11-28,2021-2022,La Liga,Atlético Madrid,Cádiz,Away,4,1,W,Antoine Griezmann,Y,FW,90,1,1,3.0,1.0,0,0,0.0,1.0,1.0,0.0,0.0
2021-12-04,2021-2022,La Liga,Atlético Madrid,Mallorca,Home,1,2,L,Antoine Griezmann,Y,FW,59,0,0,3.0,2.0,0,0,2.0,0.0,1.0,0.0,0.0
2021-12-12,2021-2022,La Liga,Atlético Madrid,Real Madrid,Away,0,2,L,Antoine Griezmann,Y,FW,45,0,0,1.0,1.0,0,0,0.0,0.0,0.0,0.0,0.0
2022-02-26,2021-2022,La Liga,Atlético Madrid,Celta Vigo,Home,2,0,W,Antoine Griezmann,N,FW,27,0,0,2.0,0.0,0,0,0.0,1.0,0.0,0.0,1.0
2022-03-06,2021-2022,La Liga,Atlético Madrid,Real Betis,Away,3,1,W,Antoine Griezmann,N,FW,64,0,1,1.0,1.0,0,0,3.0,2.0,0.0,0.0,2.0
2022-03-11,2021-2022,La Liga,Atlético Madrid,Cádiz,Home,2,1,W,Antoine Griezmann,Y,FW,59,0,0,0.0,0.0,0,0,0.0,0.0,0.0,0.0,0.0
2022-03-19,2021-2022,La Liga,Atlético Madrid,Rayo Vallecano,Away,1,0,W,Antoine Griezmann,Y,FW,89,0,0,4.0,2.0,0,0,0.0,1.0,1.0,5.0,2.0
2022-04-02,2021-2022,La Liga,Atlético Madrid,Alavés,Home,4,1,W,Antoine Griezmann,Y,FW,60,0,0,0.0,0.0,0,0,0.0,0.0,1.0,0.0,0.0
2022-04-09,2021-2022,La Liga,Atlético Madrid,Mallorca,Away,0,1,L,Antoine Griezmann,Y,FW,45,0,0,2.0,0.0,0,0,0.0,2.0,1.0,1.0,0.0
2022-04-17,2021-2022,La Liga,Atlético Madrid,Espanyol,Home,2,1,W,Antoine Griezmann,N,FW,45,0,0,0.0,0.0,0,0,1.0,1.0,1.0,4.0,1.0
2022-04-20,2021-2022,La Liga,Atlético Madrid,Granada,Home,0,0,D,Antoine Griezmann,Y,FW,69,0,0,1.0,0.0,0,0,0.0,0.0,1.0,1.0,0.0
2022-04-30,2021-2022,La Liga,Atlético Madrid,Athletic Club,Away,0,2,L,Antoine Griezmann,Y,LM,90,0,0,2.0,1.0,0,0,1.0,2.0,0.0,1.0,1.0
2022-05-08,2021-2022,La Liga,Atlético Madrid,Real Madrid,Home,1,0,W,Antoine Griezmann,N,FW,45,0,0,3.0,0.0,0,0,1.0,0.0,1.0,0.0,0.0
2022-05-11,2021-2022,La Liga,Atlético Madrid,Elche,Away,2,0,W,Antoine Griezmann,Y,FW,71,0,1,0.0,0.0,0,0,0.0,3.0,1.0,1.0,0.0
2022-05-15,2021-2022,La Liga,Atlético Madrid,Sevilla,Home,1,1,D,Antoine Griezmann,Y,FW,69,0,0,1.0,0.0,1,0,2.0,1.0,0.0,2.0,0.0
2022-05-22,2021-2022,La Liga,Atlético Madrid,Real Sociedad,Away,2,1,W,Antoine Griezmann,Y,FW,85,0,1,1.0,1.0,1,0,1.0,2.0,2.0,1.0,1.0
2022-08-15,2022-2023,La Liga,Atlético Madrid,Getafe,Away,3,0,W,Antoine Griezmann,N,,29,1,0,2.0,2.0,0,0,1.0,0.0,3.0,1.0,0.0
2022-08-21,2022-2023,La Liga,Atlético Madrid,Villarreal,Home,0,2,L,Antoine Griezmann,N,,29,0,0,1.0,0.0,0,0,0.0,0.0,5.0,0.0,1.0
2022-08-29,2022-2023,La Liga,Atlético Madrid,Valencia,Away,1,0,W,Antoine Griezmann,N,,27,1,0,3.0,2.0,0,0,1.0,1.0,0.0,0.0,0.0
2022-09-03,2022-2023,La Liga,Atlético Madrid,Real Sociedad,Away,1,1,D,Antoine Griezmann,N,,28,0,0,2.0,1.0,0,0,1.0,0.0,3.0,0.0,0.0
2022-09-10,2022-2023,La Liga,Atlético Madrid,Celta Vigo,Home,4,1,W,Antoine Griezmann,N,,28,0,0,0.0,0.0,0,0,0.0,0.0,0.0,1.0,1.0
2022-09-18,2022-2023,La Liga,Atlético Madrid,Real Madrid,Home,1,2,L,Antoine Griezmann,Y,FW,90,0,0,1.0,1.0,0,0,1.0,0.0,13.0,0.0,2.0
2022-10-01,2022-2023,La Liga,Atlético Madrid,Sevilla,Away,2,0,W,Antoine Griezmann,N,,30,0,0,4.0,2.0,0,0,1.0,0.0,3.0,0.0,0.0
2022-10-08,2022-2023,La Liga,Atlético Madrid,Girona,Home,2,1,W,Antoine Griezmann,Y,LM,64,0,1,1.0,0.0,0,0,1.0,0.0,4.0,1.0,2.0
2022-10-15,2022-2023,La Liga,Atlético Madrid,Athletic Club,Away,1,0,W,Antoine Griezmann,Y,FW,90,1,0,2.0,1.0,0,0,1.0,3.0,0.0,1.0,0.0
2022-10-18,2022-2023,La Liga,Atlético Madrid,Rayo Vallecano,Home,1,1,D,Antoine Griezmann,Y,FW,90,0,1,1.0,0.0,0,0,1.0,2.0,6.0,1.0,0.0
2022-10-23,2022-2023,La Liga,Atlético Madrid,Real Betis,Away,2,1,W,Antoine Griezmann,Y,FW,75,2,0,3.0,2.0,0,0,1.0,0.0,3.0,2.0,0.0
2022-10-29,2022-2023,La Liga,Atlético Madrid,Cádiz,Away,2,3,L,Antoine Griezmann,N,,31,0,1,0.0,0.0,0,0,1.0,0.0,1.0,0.0,0.0
2022-11-06,2022-2023,La Liga,Atlético Madrid,Espanyol,Home,1,1,D,Antoine Griezmann,Y,FW,72,0,0,4.0,2.0,0,0,1.0,1.0,4.0,3.0,0.0
2022-11-09,2022-2023,La Liga,Atlético Madrid,Mallorca,Away,0,1,L,Antoine Griezmann,Y,FW,90,0,0,2.0,0.0,0,0,1.0,0.0,8.0,2.0,1.0
2022-12-29,2022-2023,La Liga,Atlético Madrid,Elche,Home,2,0,W,Antoine Griezmann,Y,AM,78,0,2,4.0,0.0,0,0,1.0,1.0,5.0,2.0,0.0
2023-01-08,2022-2023,La Liga,Atlético Madrid,Barcelona,Home,0,1,L,Antoine Griezmann,Y,FW,90,0,0,7.0,2.0,0,0,1.0,2.0,4.0,1.0,0.0
2023-01-15,2022-2023,La Liga,Atlético Madrid,Almería,Away,1,1,D,Antoine Griezmann,Y,AM,90,0,0,2.0,2.0,0,0,1.0,3.0,6.0,1.0,1.0
2023-01-21,2022-2023,La Liga,Atlético Madrid,Valladolid,Home,3,0,W,Antoine Griezmann,Y,LW,55,1,1,3.0,2.0,0,0,0.0,2.0,0.0,1.0,2.0
2023-01-29,2022-2023,La Liga,Atlético Madrid,Osasuna,Away,1,0,W,Antoine Griezmann,Y,FW,90,0,0,6.0,3.0,0,0,2.0,1.0,2.0,0.0,0.0
2023-02-04,2022-2023,La Liga,Atlético Madrid,Getafe,Home,1,1,D,Antoine Griezmann,Y,FW,90,0,0,2.0,0.0,0,0,0.0,2.0,9.0,0.0,1.0
2023-02-12,2022-2023,La Liga,Atlético Madrid,Celta Vigo,Away,1,0,W,Antoine Griezmann,Y,FW,65,0,0,3.0,0.0,0,0,1.0,0.0,4.0,3.0,0.0
2023-02-19,2022-2023,La Liga,Atlético Madrid,Athletic Club,Home,1,0,W,Antoine Griezmann,Y,FW,89,1,0,3.0,1.0,0,0,2.0,2.0,6.0,2.0,1.0
2023-02-25,2022-2023,La Liga,Atlético Madrid,Real Madrid,Away,1,1,D,Antoine Griezmann,Y,FW,90,0,1,3.0,0.0,0,0,1.0,1.0,3.0,1.0,1.0
2023-03-04,2022-2023,La Liga,Atlético Madrid,Sevilla,Home,6,1,W,Antoine Griezmann,Y,FW,90,1,1,2.0,1.0,0,0,1.0,4.0,5.0,1.0,1.0
2023-03-13,2022-2023,La Liga,Atlético Madrid,Girona,Away,1,0,W,Antoine Griezmann,Y,FW,90,0,0,3.0,1.0,0,0,1.0,0.0,6.0,1.0,1.0
2023-03-18,2022-2023,La Liga,Atlético Madrid,Valencia,Home,3,0,W,Antoine Griezmann,Y,FW,90,1,0,3.0,1.0,0,0,1.0,1.0,0.0,2.0,1.0
2023-04-02,2022-2023,La Liga,Atlético Madrid,Real Betis,Home,1,0,W,Antoine Griezmann,Y,FW,90,0,0,4.0,2.0,0,0,0.0,1.0,3.0,1.0,1.0
2023-04-09,2022-2023,La Liga,Atlético Madrid,Rayo Vallecano,Away,2,1,W,Antoine Griezmann,Y,FW,90,0,0,2.0,1.0,0,0,1.0,0.0,2.0,1.0,0.0
2023-04-16,2022-2023,La Liga,Atlético Madrid,Almería,Home,2,1,W,Antoine Griezmann,Y,FW,90,2,0,8.0,3.0,0,0,0.0,2.0,6.0,0.0,0.0
2023-04-23,2022-2023,La Liga,Atlético Madrid,Barcelona,Away,0,1,L,Antoine Griezmann,Y,FW,90,0,0,4.0,2.0,1,0,1.0,0.0,0.0,1.0,2.0
2023-04-26,2022-2023,La Liga,Atlético Madrid,Mallorca,Home,3,1,W,Antoine Griezmann,Y,FW,90,0,2,4.0,2.0,0,0,0.0,0.0,1.0,1.0,0.0
2023-04-30,2022-2023,La Liga,Atlético Madrid,Valladolid,Away,5,2,W,Antoine Griezmann,Y,FW,90,0,2,2.0,1.0,0,0,0.0,2.0,1.0,0.0,1.0
2023-05-03,2022-2023,La Liga,Atlético Madrid,Cádiz,Home,5,1,W,Antoine Griezmann,Y,FW,90,2,0,3.0,2.0,0,0,0.0,0.0,4.0,0.0,0.0
2023-05-14,2022-2023,La Liga,Atlético Madrid,Elche,Away,0,1,L,Antoine Griezmann,Y,FW,90,0,0,2.0,0.0,0,0,0.0,2.0,0.0,3.0,0.0
2023-05-21,2022-2023,La Liga,Atlético Madrid,Osasuna,Home,3,0,W,Antoine Griezmann,Y,FW,89,0,1,3.0,1.0,0,0,0.0,2.0,1.0,1.0,2.0
2023-05-24,2022-2023,La Liga,Atlético Madrid,Espanyol,Away,3,3,D,Antoine Griezmann,Y,FW,90,1,0,6.0,2.0,0,0,0.0,0.0,1.0,0.0,1.0
2023-05-28,2022-2023,La Liga,Atlético Madrid,Real Sociedad,Home,2,1,W,Antoine Griezmann,Y,FW,90,1,1,4.0,3.0,0,0,1.0,2.0,0.0,1.0,1.0
2023-06-04,2022-2023,La Liga,Atlético Madrid,Villarreal,Away,2,2,D,Antoine Griezmann,Y,FW,90,0,2,2.0,0.0,0,0,0.0,1.0,1.0,1.0,0.0
2023-08-14,2023-2024,La Liga,Atlético Madrid,Granada,Home,3,1,W,Antoine Griezmann,Y,FW,76,0,0,1.0,0.0,0,0,0.0,0.0,1.0,0.0,1.0
2023-08-20,2023-2024,La Liga,Atlético Madrid,Real Betis,Away,0,0,D,Antoine Griezmann,Y,FW,90,0,0,2.0,0.0,0,0,0.0,0.0,5.0,0.0,0.0
2023-08-28,2023-2024,La Liga,Atlético Madrid,Rayo Vallecano,Away,7,0,W,Antoine Griezmann,Y,FW,75,1,0,2.0,1.0,1,0,1.0,2.0,3.0,1.0,0.0
2023-09-16,2023-2024,La Liga,Atlético Madrid,Valencia,Away,0,3,L,Antoine Griezmann,Y,FW,61,0,0,0.0,0.0,1,0,1.0,0.0,1.0,1.0,0.0
2023-09-24,2023-2024,La Liga,Atlético Madrid,Real Madrid,Home,3,1,W,Antoine Griezmann,Y,FW,90,1,0,2.0,1.0,0,0,2.0,0.0,7.0,2.0,0.0
2023-09-28,2023-2024,La Liga,Atlético Madrid,Osasuna,Away,2,0,W,Antoine Griezmann,Y,FW,90,1,0,1.0,1.0,0,0,0.0,0.0,1.0,2.0,0.0
2023-10-01,2023-2024,La Liga,Atlético Madrid,Cádiz,Home,3,2,W,Antoine Griezmann,Y,FW,90,0,0,6.0,2.0,0,0,0.0,1.0,4.0,1.0,0.0
2023-10-08,2023-2024,La Liga,Atlético Madrid,Real Sociedad,Home,2,1,W,Antoine Griezmann,Y,FW,90,1,0,4.0,1.0,1,0,1.0,3.0,2.0,0.0,1.0
2023-10-21,2023-2024,La Liga,Atlético Madrid,Celta Vigo,Away,3,0,W,Antoine Griezmann,Y,FW,75,3,0,3.0,3.0,0,0,0.0,0.0,2.0,0.0,0.0
2023-10-29,2023-2024,La Liga,Atlético Madrid,Alavés,Home,2,1,W,Antoine Griezmann,Y,FW,90,0,0,1.0,1.0,0,0,1.0,1.0,2.0,4.0,0.0
2023-11-03,2023-2024,La Liga,Atlético Madrid,Las Palmas,Away,1,2,L,Antoine Griezmann,Y,FW,59,0,0,1.0,0.0,0,0,0.0,0.0,4.0,1.0,0.0
2023-11-12,2023-2024,La Liga,Atlético Madrid,Villarreal,Home,3,1,W,Antoine Griezmann,Y,FW,90,1,1,2.0,2.0,0,0,1.0,1.0,3.0,10.0,0.0
2023-11-25,2023-2024,La Liga,Atlético Madrid,Mallorca,Home,1,0,W,Antoine Griezmann,Y,AM,90,1,0,3.0,1.0,0,0,0.0,2.0,0.0,5.0,0.0
2023-12-03,2023-2024,La Liga,Atlético Madrid,Barcelona,Away,0,1,L,Antoine Griezmann,Y,FW,90,0,0,3.0,0.0,0,0,0.0,2.0,2.0,4.0,1.0
2023-12-10,2023-2024,La Liga,Atlético Madrid,Almería,Home,2,1,W,Antoine Griezmann,Y,AM,90,0,1,1.0,1.0,0,0,1.0,1.0,2.0,2.0,0.0
2023-12-16,2023-2024,La Liga,Atlético Madrid,Athletic Club,Away,0,2,L,Antoine Griezmann,Y,FW,58,0,0,2.0,2.0,0,0,0.0,0.0,4.0,0.0,0.0
2023-12-19,2023-2024,La Liga,Atlético Madrid,Getafe,Home,3,3,D,Antoine Griezmann,Y,FW,90,2,0,3.0,2.0,0,0,0.0,0.0,1.0,2.0,1.0
2023-12-23,2023-2024,La Liga,Atlético Madrid,Sevilla,Home,1,0,W,Antoine Griezmann,Y,RM,72,0,0,5.0,0.0,0,0,0.0,0.0,1.0,5.0,1.0
2024-01-03,2023-2024,La Liga,Atlético Madrid,Girona,Away,3,4,L,Antoine Griezmann,Y,FW,88,0,1,3.0,3.0,0,0,1.0,1.0,1.0,8.0,3.0
2024-01-22,2023-2024,La Liga,Atlético Madrid,Granada,Home,1,0,W,Antoine Griezmann,Y,FW,90,0,1,2.0,0.0,0,0,0.0,0.0,0.0,4.0,1.0
2024-01-28,2023-2024,La Liga,Atlético Madrid,Valencia,Home,2,0,W,Antoine Griezmann,Y,FW,90,0,1,4.0,2.0,0,0,1.0,0.0,1.0,1.0,0.0
2024-01-31,2023-2024,La Liga,Atlético Madrid,Rayo Vallecano,Home,2,1,W,Antoine Griezmann,N,,33,0,1,1.0,0.0,0,0,0.0,1.0,0.0,1.0,0.0
2024-02-04,2023-2024,La Liga,Atlético Madrid,Real Madrid,Away,1,1,D,Antoine Griezmann,Y,FW,90,0,0,4.0,2.0,0,0,1.0,1.0,0.0,7.0,0.0
2024-02-11,2023-2024,La Liga,Atlético Madrid,Sevilla,Away,0,1,L,Antoine Griezmann,Y,FW,90,0,0,4.0,2.0,0,0,0.0,0.0,0.0,6.0,0.0
2024-03-17,2023-2024,La Liga,Atlético Madrid,Barcelona,Home,0,3,L,Antoine Griezmann,N,,45,0,0,0.0,0.0,0,0,1.0,0.0,3.0,0.0,0.0
2024-04-01,2023-2024,La Liga,Atlético Madrid,Villarreal,Away,2,1,W,Antoine Griezmann,Y,FW,65,0,0,0.0,0.0,1,0,2.0,1.0,1.0,1.0,0.0
2024-04-13,2023-2024,La Liga,Atlético Madrid,Girona,Home,3,1,W,Antoine Griezmann,Y,FW,67,2,0,6.0,2.0,0,0,0.0,2.0,3.0,0.0,0.0
2024-04-21,2023-2024,La Liga,Atlético Madrid,Alavés,Away,0,2,L,Antoine Griezmann,Y,FW,90,0,0,1.0,1.0,0,0,1.0,1.0,0.0,11.0,1.0
2024-04-27,2023-2024,La Liga,Atlético Madrid,Athletic Club,Home,3,1,W,Antoine Griezmann,Y,FW,90,0,0,2.0,0.0,1,0,1.0,2.0,0.0,2.0,1.0
2024-05-12,2023-2024,La Liga,Atlético Madrid,Celta Vigo,Home,1,0,W,Antoine Griezmann,Y,FW,74,0,0,3.0,0.0,0,0,0.0,1.0,0.0,3.0,0.0
2024-05-15,2023-2024,La Liga,Atlético Madrid,Getafe,Away,3,0,W,Antoine Griezmann,Y,LM,86,3,0,3.0,3.0,0,0,0.0,0.0,0.0,3.0,1.0
2024-05-19,2023-2024,La Liga,Atlético Madrid,Osasuna,Home,1,4,L,Antoine Griezmann,Y,LM,90,0,0,4.0,1.0,0,0,0.0,0.0,0.0,5.0,1.0
2024-05-25,2023-2024,La Liga,Atlético Madrid,Real Sociedad,Away,2,0,W,Antoine Griezmann,Y,FW,90,0,0,0.0,0.0,0,0,1.0,2.0,0.0,0.0,1.0
2024-08-19,2024-2025,La Liga,Atlético Madrid,Villarreal,Away,2,2,D,Antoine Griezmann,Y,AM,77,0,1,1.0,1.0,0,0,0.0,1.0,0.0,4.0,0.0
2024-08-25,2024-2025,La Liga,Atlético Madrid,Girona,Home,3,0,W,Antoine Griezmann,Y,FW,80,1,1,1.0,1.0,0,0,0.0,0.0,0.0,0.0,1.0
2024-08-28,2024-2025,La Liga,Atlético Madrid,Espanyol,Home,0,0,D,Antoine Griezmann,N,,45,0,0,0.0,0.0,0,0,0.0,0.0,1.0,2.0,0.0
2024-08-31,2024-2025,La Liga,Atlético Madrid,Athletic Club,Away,1,0,W,Antoine Griezmann,Y,AM,83,0,0,1.0,0.0,0,0,1.0,2.0,0.0,5.0,0.0
2024-09-15,2024-2025,La Liga,Atlético Madrid,Valencia,Home,3,0,W,Antoine Griezmann,Y,FW,75,1,0,2.0,1.0,0,0,0.0,0.0,1.0,12.0,1.0
2024-09-22,2024-2025,La Liga,Atlético Madrid,Rayo Vallecano,Away,1,1,D,Antoine Griezmann,N,,45,0,0,0.0,0.0,0,0,0.0,0.0,0.0,4.0,0.0
2024-09-26,2024-2025,La Liga,Atlético Madrid,Celta Vigo,Away,1,0,W,Antoine Griezmann,Y,FW,90,0,1,1.0,0.0,0,0,0.0,1.0,0.0,7.0,1.0
2024-09-29,2024-2025,La Liga,Atlético Madrid,Real Madrid,Home,1,1,D,Antoine Griezmann,Y,FW,90,0,0,2.0,0.0,0,0,0.0,1.0,1.0,8.0,1.0
2024-10-06,2024-2025,La Liga,Atlético Madrid,Real Sociedad,Away,1,1,D,Antoine Griezmann,Y,LM,82,0,1,0.0,0.0,0,0,0.0,3.0,0.0,1.0,0.0
2024-10-20,2024-2025,La Liga,Atlético Madrid,Leganés,Home,3,1,W,Antoine Griezmann,Y,FW,90,1,0,2.0,1.0,1,0,1.0,1.0,0.0,6.0,4.0
2024-10-27,2024-2025,La Liga,Atlético Madrid,Real Betis,Away,0,1,L,Antoine Griezmann,Y,FW,69,0,0,2.0,1.0,0,0,1.0,0.0,0.0,4.0,1.0
2024-11-03,2024-2025,La Liga,Atlético Madrid,Las Palmas,Home,2,0,W,Antoine Griezmann,Y,FW,64,0,0,3.0,0.0,0,0,0.0,0.0,0.0,4.0,1.0
2024-11-10,2024-2025,La Liga,Atlético Madrid,Mallorca,Away,1,0,W,Antoine Griezmann,Y,AM,61,0,0,0.0,0.0,0,0,0.0,0.0,0.0,3.0,0.0
2024-11-23,2024-2025,La Liga,Atlético Madrid,Alavés,Home,2,1,W,Antoine Griezmann,Y,FW,90,1,0,2.0,2.0,0,0,2.0,3.0,0.0,7.0,0.0
2024-11-30,2024-2025,La Liga,Atlético Madrid,Valladolid,Away,5,0,W,Antoine Griezmann,Y,FW,63,1,0,3.0,2.0,0,0,0.0,0.0,1.0,4.0,0.0
2024-12-08,2024-2025,La Liga,Atlético Madrid,Sevilla,Home,4,3,W,Antoine Griezmann,Y,FW,90,2,0,4.0,3.0,1,0,1.0,0.0,0.0,6.0,0.0
2024-12-15,2024-2025,La Liga,Atlético Madrid,Getafe,Home,1,0,W,Antoine Griezmann,Y,FW,62,0,0,0.0,0.0,0,0,0.0,1.0,1.0,8.0,1.0
2024-12-21,2024-2025,La Liga,Atlético Madrid,Barcelona,Away,2,1,W,Antoine Griezmann,Y,FW,72,0,0,0.0,0.0,0,0,1.0,0.0,0.0,4.0,2.0
2025-01-12,2024-2025,La Liga,Atlético Madrid,Osasuna,Home,1,0,W,Antoine Griezmann,Y,FW,90,0,0,1.0,0.0,0,0,2.0,3.0,0.0,4.0,1.0
2025-01-18,2024-2025,La Liga,Atlético Madrid,Leganés,Away,0,1,L,Antoine Griezmann,Y,FW,90,0,0,4.0,1.0,0,0,0.0,1.0,1.0,14.0,1.0
2025-01-25,2024-2025,La Liga,Atlético Madrid,Villarreal,Home,1,1,D,Antoine Griezmann,N,,32,0,0,2.0,0.0,0,0,0.0,1.0,0.0,0.0,0.0
2025-02-01,2024-2025,La Liga,Atlético Madrid,Mallorca,Home,2,0,W,Antoine Griezmann,N,,30,1,0,1.0,1.0,0,0,0.0,1.0,1.0,2.0,0.0
2025-02-08,2024-2025,La Liga,Atlético Madrid,Real Madrid,Away,1,1,D,Antoine Griezmann,Y,FW,90,0,0,2.0,0.0,0,0,0.0,2.0,0.0,0.0,0.0
2025-02-15,2024-2025,La Liga,Atlético Madrid,Celta Vigo,Home,1,1,D,Antoine Griezmann,Y,FW,77,0,0,0.0,0.0,0,0,0.0,0.0,1.0,2.0,1.0
2025-02-22,2024-2025,La Liga,Atlético Madrid,Valencia,Away,3,0,W,Antoine Griezmann,Y,FW,67,0,1,1.0,0.0,0,0,1.0,2.0,1.0,0.0,0.0
2025-03-01,2024-2025,La Liga,Atlético Madrid,Athletic Club,Home,1,0,W,Antoine Griezmann,Y,FW,62,0,0,0.0,0.0,0,0,0.0,0.0,0.0,6.0,0.0
2025-03-09,2024-2025,La Liga,Atlético Madrid,Getafe,Away,1,2,L,Antoine Griezmann,Y,FW,68,0,0,1.0,0.0,0,0,0.0,0.0,2.0,4.0,0.0
2025-03-16,2024-2025,La Liga,Atlético Madrid,Barcelona,Home,2,4,L,Antoine Griezmann,Y,FW,85,0,0,0.0,0.0,0,0,1.0,0.0,0.0,4.0,2.0
2025-03-29,2024-2025,La Liga,Atlético Madrid,Espanyol,Away,1,1,D,Antoine Griezmann,Y,FW,90,0,0,4.0,1.0,0,0,0.0,1.0,3.0,4.0,0.0
2025-04-06,2024-2025,La Liga,Atlético Madrid,Sevilla,Away,2,1,W,Antoine Griezmann,Y,FW,55,0,0,1.0,0.0,0,0,0.0,1.0,0.0,4.0,0.0
2025-04-14,2024-2025,La Liga,Atlético Madrid,Valladolid,Home,4,2,W,Antoine Griezmann,Y,FW,58,0,0,2.0,0.0,0,0,0.0,0.0,0.0,2.0,0.0
2025-04-19,2024-2025,La Liga,Atlético Madrid,Las Palmas,Away,0,1,L,Antoine Griezmann,N,,26,0,0,1.0,0.0,0,0,0.0,0.0,0.0,0.0,0.0
2025-04-24,2024-2025,La Liga,Atlético Madrid,Rayo Vallecano,Home,3,0,W,Antoine Griezmann,N,,30,0,1,1.0,0.0,0,0,0.0,0.0,0.0,0.0,0.0
2025-05-03,2024-2025,La Liga,Atlético Madrid,Alavés,Away,0,0,D,Antoine Griezmann,Y,FW,58,0,0,0.0,0.0,0,0,0.0,0.0,0.0,2.0,1.0
2025-05-10,2024-2025,La Liga,Atlético Madrid,Real Sociedad,Home,4,0,W,Antoine Griezmann,N,,23,0,0,1.0,1.0,0,0,0.0,0.0,0.0,0.0,0.0
2025-05-15,2024-2025,La Liga,Atlético Madrid,Osasuna,Away,0,2,L,Antoine Griezmann,N,,28,0,0,0.0,0.0,0,0,0.0,0.0,0.0,2.0,0.0
2025-05-18,2024-2025,La Liga,Atlético Madrid,Real Betis,Home,4,1,W,Antoine Griezmann,N,,21,0,1,3.0,2.0,0,0,0.0,0.0,0.0,0.0,0.0
2025-05-25,2024-2025,La Liga,Atlético Madrid,Girona,Away,4,0,W,Antoine Griezmann,Y,FW,61,0,0,1.0,0.0,0,0,0.0,2.0,0.0,1.0,0.0
