Date,Season,Competition,Team,Opponent,Venue,TeamGoals,OppGoals,Result,Player,Start,Position,Minutes,Goals,Assists,Shots,SoT,Yellow,Red,Fouls,Offsides,Crosses,TacklesWon,Interceptions
2011-08-27,2011-2012,La Liga,Real Sociedad,Sporting Gijón,Away,2,1,W,Iñigo Martínez,Y,CB,90,0,0,,,0,0,,,,,
2011-09-10,2011-2012,La Liga,Real Sociedad,Barcelona,Home,2,2,D,Iñigo Martínez,Y,CB,90,0,0,,,0,0,,,,,
2011-09-17,2011-2012,La Liga,Real Sociedad,Sevilla,Away,0,1,L,Iñigo Martínez,Y,CB,90,0,0,,,0,0,,,,,
2011-09-20,2011-2012,La Liga,Real Sociedad,Granada,Home,1,0,W,Iñigo Martínez,Y,CB,90,0,0,,,1,0,,,,,
2011-09-25,2011-2012,La Liga,Real Sociedad,Mallorca,Away,1,2,L,Iñigo Martínez,Y,CB,90,0,0,,,0,0,,,,,
2011-10-02,2011-2012,La Liga,Real Sociedad,Athletic Club,Home,1,2,L,Iñigo Martínez,Y,CB,90,1,0,,,0,0,,,,,
2011-10-16,2011-2012,La Liga,Real Sociedad,Zaragoza,Away,0,2,L,Iñigo Martínez,Y,CB,90,0,0,,,1,0,,,,,
2011-10-23,2011-2012,La Liga,Real Sociedad,Getafe,Home,0,0,D,Iñigo Martínez,Y,CB,90,0,0,,,0,0,,,,,
2011-10-26,2011-2012,La Liga,Real Sociedad,Levante,Away,2,3,L,Iñigo Martínez,Y,CB,90,1,0,,,0,0,,,,,
2011-10-29,2011-2012,La Liga,Real Sociedad,Real Madrid,Home,0,1,L,Iñigo Martínez,Y,CB,90,0,0,,,1,0,,,,,
2011-11-06,2011-2012,La Liga,Real Sociedad,Rayo Vallecano,Away,0,4,L,Iñigo Martínez,Y,CB,9,0,0,,,0,1,,,,,
2011-11-27,2011-2012,La Liga,Real Sociedad,Real Betis,Away,3,2,W,Iñigo Martínez,Y,CB,90,1,0,,,1,0,,,,,
2011-12-04,2011-2012,La Liga,Real Sociedad,Málaga,Home,3,2,W,Iñigo Martínez,Y,CB,90,0,0,,,0,0,,,,,
2011-12-11,2011-2012,La Liga,Real Sociedad,Villarreal,Away,1,1,D,Iñigo Martínez,Y,CB,90,0,0,,,0,0,,,,,
2011-12-18,2011-2012,La Liga,Real Sociedad,Racing Santander,Away,0,0,D,Iñigo Martínez,Y,CB,54,0,0,,,2,1,,,,,
2012-01-29,2011-2012,La Liga,Real Sociedad,Sporting Gijón,Home,5,1,W,Iñigo Martínez,Y,CB,90,0,0,,,0,0,,,,,
2012-02-04,2011-2012,La Liga,Real Sociedad,Barcelona,Away,1,2,L,Iñigo Martínez,Y,CB,90,0,0,,,1,0,,,,,
2012-02-13,2011-2012,La Liga,Real Sociedad,Sevilla,Home,2,0,W,Iñigo Martínez,Y,CB,90,0,0,,,1,0,,,,,
2012-02-19,2011-2012,La Liga,Real Sociedad,Granada,Away,1,4,L,Iñigo Martínez,Y,CB,90,0,0,,,1,0,,,,,
2012-02-26,2011-2012,La Liga,Real Sociedad,Mallorca,Home,1,0,W,Iñigo Martínez,Y,CB,90,0,0,,,0,0,,,,,
2012-03-04,2011-2012,La Liga,Real Sociedad,Athletic Club,Away,0,2,L,Iñigo Martínez,Y,CB,90,0,0,,,0,0,,,,,
2012-03-10,2011-2012,La Liga,Real Sociedad,Zaragoza,Home,3,0,W,Iñigo Martínez,Y,CB,90,0,0,,,0,0,,,,,
2012-03-17,2011-2012,La Liga,Real Sociedad,Getafe,Away,0,1,L,Iñigo Martínez,Y,CB,90,0,0,,,0,0,,,,1,
2012-03-21,2011-2012,La Liga,Real Sociedad,Levante,Home,1,3,L,Iñigo Martínez,Y,CB,90,0,0,,,0,0,,,,,
2012-03-24,2011-2012,La Liga,Real Sociedad,Real Madrid,Away,1,5,L,Iñigo Martínez,Y,CB,90,0,0,,,1,0,,,,,
2012-04-01,2011-2012,La Liga,Real Sociedad,Rayo Vallecano,Home,4,0,W,Iñigo Martínez,Y,CB,65,0,0,,,0,0,,,,,
2012-09-16,2012-2013,La Liga,Real Sociedad,Zaragoza,Home,2,0,W,Iñigo Martínez,Y,CB,90,1,0,,,0,0,,,,,
2012-09-23,2012-2013,La Liga,Real Sociedad,Levante,Away,1,2,L,Iñigo Martínez,Y,CB,90,0,0,,,1,0,,,,,
2012-09-29,2012-2013,La Liga,Real Sociedad,Athletic Club,Home,2,0,W,Iñigo Martínez,Y,CB,90,0,0,,,0,0,,,,,
2012-10-06,2012-2013,La Liga,Real Sociedad,Real Betis,Away,0,2,L,Iñigo Martínez,Y,CB,90,0,0,,,0,0,,,,,
2012-10-21,2012-2013,La Liga,Real Sociedad,Atlético Madrid,Home,0,1,L,Iñigo Martínez,Y,CB,90,0,0,,,1,0,,,,,
2012-10-29,2012-2013,La Liga,Real Sociedad,Valladolid,Away,2,2,D,Iñigo Martínez,Y,CB,90,0,0,,,0,0,,,,,
2012-11-04,2012-2013,La Liga,Real Sociedad,Espanyol,Home,0,1,L,Iñigo Martínez,Y,CB,90,0,0,,,0,0,,,,,
2012-11-10,2012-2013,La Liga,Real Sociedad,Málaga,Away,2,1,W,Iñigo Martínez,Y,CB,90,0,0,,,1,0,,,,,
2012-11-19,2012-2013,La Liga,Real Sociedad,Rayo Vallecano,Home,4,0,W,Iñigo Martínez,Y,CB,90,0,0,,,0,0,,,,,
2012-11-23,2012-2013,La Liga,Real Sociedad,Osasuna,Home,0,0,D,Iñigo Martínez,Y,CB,90,0,0,,,0,0,,,,,
2012-12-01,2012-2013,La Liga,Real Sociedad,Valencia,Away,5,2,W,Iñigo Martínez,Y,CB,90,0,0,,,0,0,,,,,
2012-12-08,2012-2013,La Liga,Real Sociedad,Getafe,Home,1,1,D,Iñigo Martínez,Y,CB,90,0,0,,,0,0,,,,,
2012-12-15,2012-2013,La Liga,Real Sociedad,Granada,Away,0,0,D,Iñigo Martínez,Y,CB,90,0,0,,,0,0,,,,,
2012-12-20,2012-2013,La Liga,Real Sociedad,Sevilla,Home,2,1,W,Iñigo Martínez,Y,CB,90,0,0,,,1,0,,,,,
2013-01-06,2012-2013,La Liga,Real Sociedad,Real Madrid,Away,3,4,L,Iñigo Martínez,Y,CB,90,0,0,,,1,0,,,,,
2013-01-19,2012-2013,La Liga,Real Sociedad,Barcelona,Home,3,2,W,Iñigo Martínez,Y,CB,90,0,0,,,1,0,,,,,
2013-01-26,2012-2013,La Liga,Real Sociedad,Celta Vigo,Away,1,1,D,Iñigo Martínez,Y,CB,90,0,0,,,0,0,,,,,
2013-02-03,2012-2013,La Liga,Real Sociedad,Mallorca,Home,3,0,W,Iñigo Martínez,Y,CB,90,0,0,,,0,0,,,,,
2013-02-10,2012-2013,La Liga,Real Sociedad,Zaragoza,Away,2,1,W,Iñigo Martínez,Y,CB,90,0,0,,,0,0,,,,,
2013-02-17,2012-2013,La Liga,Real Sociedad,Levante,Home,1,1,D,Iñigo Martínez,Y,CB,90,0,0,,,0,0,,,,,
2013-02-22,2012-2013,La Liga,Real Sociedad,Athletic Club,Away,3,1,W,Iñigo Martínez,Y,CB,90,0,0,,,0,0,,,,,
2013-03-03,2012-2013,La Liga,Real Sociedad,Real Betis,Home,3,3,D,Iñigo Martínez,Y,CB,90,1,0,,,0,0,,,,,
2013-03-10,2012-2013,La Liga,Real Sociedad,Atlético Madrid,Away,1,0,W,Iñigo Martínez,Y,CB,90,0,0,,,0,0,,,,,
2013-03-16,2012-2013,La Liga,Real Sociedad,Valladolid,Home,4,1,W,Iñigo Martínez,Y,CB,90,0,0,,,0,0,,,,,
2013-03-31,2012-2013,La Liga,Real Sociedad,Espanyol,Away,2,2,D,Iñigo Martínez,Y,CB,90,0,0,,,1,0,,,,,
2013-04-06,2012-2013,La Liga,Real Sociedad,Málaga,Home,4,2,W,Iñigo Martínez,Y,CB,90,1,0,,,0,0,,,,,
2013-04-14,2012-2013,La Liga,Real Sociedad,Rayo Vallecano,Away,2,0,W,Iñigo Martínez,Y,CB,90,0,0,,,0,0,,,,,
2013-04-21,2012-2013,La Liga,Real Sociedad,Osasuna,Away,0,0,D,Iñigo Martínez,Y,CB,90,0,0,,,0,0,,,,,
2013-04-28,2012-2013,La Liga,Real Sociedad,Valencia,Home,4,2,W,Iñigo Martínez,Y,CB,90,1,0,,,1,0,,,,,
2013-05-06,2012-2013,La Liga,Real Sociedad,Getafe,Away,1,2,L,Iñigo Martínez,Y,CB,90,0,0,,,1,0,,,,,
2013-05-13,2012-2013,La Liga,Real Sociedad,Granada,Home,2,2,D,Iñigo Martínez,Y,CB,90,0,0,,,0,0,,,,,
2013-05-18,2012-2013,La Liga,Real Sociedad,Sevilla,Away,2,1,W,Iñigo Martínez,Y,CB,90,0,0,,,0,0,,,,,
2013-05-26,2012-2013,La Liga,Real Sociedad,Real Madrid,Home,3,3,D,Iñigo Martínez,Y,CB,90,0,0,,,0,0,,,,,
2013-06-01,2012-2013,La Liga,Real Sociedad,Deportivo La Coruña,Away,1,0,W,Iñigo Martínez,Y,CB,90,0,0,,,0,0,,,,,
2013-08-17,2013-2014,La Liga,Real Sociedad,Getafe,Home,2,0,W,Iñigo Martínez,Y,CB,90,0,0,,,0,0,,,,,
2013-08-24,2013-2014,La Liga,Real Sociedad,Elche,Away,1,1,D,Iñigo Martínez,Y,CB,90,0,0,,,1,0,,,,,
2013-09-01,2013-2014,La Liga,Real Sociedad,Atlético Madrid,Home,1,2,L,Iñigo Martínez,Y,CB,90,0,0,,,0,0,,,,,
2013-09-14,2013-2014,La Liga,Real Sociedad,Levante,Away,0,0,D,Iñigo Martínez,Y,CB,90,0,0,,,0,0,,,,,
2013-09-21,2013-2014,La Liga,Real Sociedad,Málaga,Home,0,0,D,Iñigo Martínez,Y,CB,90,0,0,,,1,0,,,,,
2013-09-24,2013-2014,La Liga,Real Sociedad,Barcelona,Away,1,4,L,Iñigo Martínez,Y,CB,90,0,0,,,0,0,,,,,
2013-09-28,2013-2014,La Liga,Real Sociedad,Sevilla,Home,1,1,D,Iñigo Martínez,Y,CB,90,0,0,,,0,0,,,,,
2013-10-05,2013-2014,La Liga,Real Sociedad,Rayo Vallecano,Away,0,1,L,Iñigo Martínez,Y,CB,90,0,0,,,0,0,,,,,
2013-10-19,2013-2014,La Liga,Real Sociedad,Valencia,Away,2,1,W,Iñigo Martínez,Y,CB,90,0,0,,,0,0,,,,,
2013-10-27,2013-2014,La Liga,Real Sociedad,Almería,Home,3,0,W,Iñigo Martínez,Y,CB,90,0,0,,,0,0,,,,,
2013-11-02,2013-2014,La Liga,Real Sociedad,Osasuna,Home,5,0,W,Iñigo Martínez,Y,CB,90,1,0,,,0,0,,,,,
2013-11-09,2013-2014,La Liga,Real Sociedad,Real Madrid,Away,1,5,L,Iñigo Martínez,Y,CB,90,0,0,,,0,0,,,,,
2013-11-23,2013-2014,La Liga,Real Sociedad,Celta Vigo,Home,4,3,W,Iñigo Martínez,Y,CB,90,0,0,,,0,0,,,,,
2013-11-30,2013-2014,La Liga,Real Sociedad,Espanyol,Away,2,1,W,Iñigo Martínez,Y,CB,60,0,0,,,1,0,,,,,
2013-12-15,2013-2014,La Liga,Real Sociedad,Real Betis,Home,5,1,W,Iñigo Martínez,Y,CB,90,0,0,,,1,0,,,,,
2013-12-21,2013-2014,La Liga,Real Sociedad,Granada,Away,3,1,W,Iñigo Martínez,Y,CB,90,0,0,,,0,0,,,,,
2014-01-05,2013-2014,La Liga,Real Sociedad,Athletic Club,Home,2,0,W,Iñigo Martínez,Y,CB,90,0,0,,,0,0,,,,,
2014-01-13,2013-2014,La Liga,Real Sociedad,Villarreal,Away,1,5,L,Iñigo Martínez,Y,CB,90,0,0,,,1,0,,,,,
2014-01-27,2013-2014,La Liga,Real Sociedad,Elche,Home,4,0,W,Iñigo Martínez,Y,CB,90,0,0,,,0,0,,,,,
2014-02-02,2013-2014,La Liga,Real Sociedad,Atlético Madrid,Away,0,4,L,Iñigo Martínez,Y,CB,90,0,0,,,1,0,,,,,
2014-02-09,2013-2014,La Liga,Real Sociedad,Levante,Home,0,0,D,Iñigo Martínez,Y,CB,90,0,0,,,1,0,,,,,
2014-02-17,2013-2014,La Liga,Real Sociedad,Málaga,Away,1,0,W,Iñigo Martínez,Y,CB,90,0,0,,,0,0,,,,,
2014-02-22,2013-2014,La Liga,Real Sociedad,Barcelona,Home,3,1,W,Iñigo Martínez,Y,CB,90,0,0,,,0,0,,,,,
2014-03-02,2013-2014,La Liga,Real Sociedad,Sevilla,Away,0,1,L,Iñigo Martínez,Y,CB,90,0,0,,,1,0,,,,,
2014-03-10,2013-2014,La Liga,Real Sociedad,Rayo Vallecano,Home,2,3,L,Iñigo Martínez,Y,CB,90,1,0,,,0,0,,,,,
2014-03-16,2013-2014,La Liga,Real Sociedad,Valencia,Home,1,0,W,Iñigo Martínez,Y,CB,90,0,0,,,0,0,,,,,
2014-03-24,2013-2014,La Liga,Real Sociedad,Almería,Away,3,4,L,Iñigo Martínez,Y,CB,90,0,0,,,0,0,,,,,
2014-03-27,2013-2014,La Liga,Real Sociedad,Valladolid,Home,1,0,W,Iñigo Martínez,Y,CB,90,0,0,,,0,0,,,,,
2014-03-30,2013-2014,La Liga,Real Sociedad,Osasuna,Away,1,1,D,Iñigo Martínez,Y,CB,90,0,0,,,0,0,,,,,
2014-04-05,2013-2014,La Liga,Real Sociedad,Real Madrid,Home,0,4,L,Iñigo Martínez,Y,CB,90,0,0,,,1,0,,,,,
2014-04-12,2013-2014,La Liga,Real Sociedad,Celta Vigo,Away,2,2,D,Iñigo Martínez,Y,CB,90,0,0,,,1,0,,,,,
2014-04-26,2013-2014,La Liga,Real Sociedad,Real Betis,Away,1,0,W,Iñigo Martínez,Y,CB,90,0,0,,,0,0,,,,,
2014-05-05,2013-2014,La Liga,Real Sociedad,Granada,Home,1,1,D,Iñigo Martínez,Y,CB,90,0,0,,,0,0,,,,,
2014-05-11,2013-2014,La Liga,Real Sociedad,Athletic Club,Away,1,1,D,Iñigo Martínez,Y,CB,90,0,0,,,1,0,,,,,
2014-05-18,2013-2014,La Liga,Real Sociedad,Villarreal,Home,1,2,L,Iñigo Martínez,Y,CB,90,0,0,,,0,0,,,,,
2014-08-24,2014-2015,La Liga,Real Sociedad,Eibar,Away,0,1,L,Iñigo Martínez,Y,CB,90,0,0,,,0,0,,,,,
2014-08-31,2014-2015,La Liga,Real Sociedad,Real Madrid,Home,4,2,W,Iñigo Martínez,Y,CB,90,1,0,,,0,0,,,,,
2014-09-13,2014-2015,La Liga,Real Sociedad,Celta Vigo,Away,2,2,D,Iñigo Martínez,Y,CB,90,0,0,,,0,0,,,,,
2014-09-21,2014-2015,La Liga,Real Sociedad,Almería,Home,1,2,L,Iñigo Martínez,Y,CB,90,0,0,,,0,0,,,,,
2014-09-24,2014-2015,La Liga,Real Sociedad,Sevilla,Away,0,1,L,Iñigo Martínez,Y,CB,90,0,0,,,0,0,,,,,
2014-09-28,2014-2015,La Liga,Real Sociedad,Valencia,Home,1,1,D,Iñigo Martínez,Y,CB,90,0,0,,,0,0,,,,,
2014-10-05,2014-2015,La Liga,Real Sociedad,Espanyol,Away,0,2,L,Iñigo Martínez,Y,CB,90,0,0,,,0,0,,,,,
2014-10-20,2014-2015,La Liga,Real Sociedad,Getafe,Home,1,2,L,Iñigo Martínez,Y,CB,90,0,0,,,0,0,,,,,
2014-10-25,2014-2015,La Liga,Real Sociedad,Córdoba,Away,1,1,D,Iñigo Martínez,Y,CB,90,1,0,,,0,0,,,,,
2014-11-01,2014-2015,La Liga,Real Sociedad,Málaga,Home,0,1,L,Iñigo Martínez,Y,CB,90,0,0,,,0,0,,,,,
2014-11-09,2014-2015,La Liga,Real Sociedad,Atlético Madrid,Away,2,1,W,Iñigo Martínez,Y,CB,90,0,0,,,0,0,,,,,
2014-12-07,2014-2015,La Liga,Real Sociedad,Villarreal,Away,0,4,L,Iñigo Martínez,Y,CB,90,0,0,,,1,0,,,,,
2014-12-14,2014-2015,La Liga,Real Sociedad,Athletic Club,Home,1,1,D,Iñigo Martínez,Y,CB,90,0,0,,,0,0,,,,,
2014-12-20,2014-2015,La Liga,Real Sociedad,Levante,Away,1,1,D,Iñigo Martínez,Y,CB,90,0,0,,,1,0,,,,,
2015-01-04,2014-2015,La Liga,Real Sociedad,Barcelona,Home,1,0,W,Iñigo Martínez,Y,CB,90,0,0,,,0,0,,,,,
2015-01-11,2014-2015,La Liga,Real Sociedad,Granada,Away,1,1,D,Iñigo Martínez,Y,CB,90,0,0,,,0,0,,,,,
2015-01-17,2014-2015,La Liga,Real Sociedad,Rayo Vallecano,Home,0,1,L,Iñigo Martínez,Y,CB,90,0,0,,,0,0,,,,,
2015-01-24,2014-2015,La Liga,Real Sociedad,Eibar,Home,1,0,W,Iñigo Martínez,Y,CB,90,0,0,,,0,0,,,,,
2015-01-31,2014-2015,La Liga,Real Sociedad,Real Madrid,Away,1,4,L,Iñigo Martínez,Y,CB,90,0,0,,,0,0,,,,,
2015-02-07,2014-2015,La Liga,Real Sociedad,Celta Vigo,Home,1,1,D,Iñigo Martínez,Y,CB,90,0,0,,,0,0,,,,,
2015-02-13,2014-2015,La Liga,Real Sociedad,Almería,Away,2,2,D,Iñigo Martínez,Y,CB,90,0,0,,,0,0,,,,,
2015-02-22,2014-2015,La Liga,Real Sociedad,Sevilla,Home,4,3,W,Iñigo Martínez,Y,CB,90,0,0,,,1,0,,,,,
2015-03-01,2014-2015,La Liga,Real Sociedad,Valencia,Away,0,2,L,Iñigo Martínez,Y,CB,90,0,0,,,0,0,,,,,
2015-03-08,2014-2015,La Liga,Real Sociedad,Espanyol,Home,1,0,W,Iñigo Martínez,Y,CB,90,0,0,,,0,0,,,,,
2015-03-16,2014-2015,La Liga,Real Sociedad,Getafe,Away,1,0,W,Iñigo Martínez,Y,CB,90,1,0,,,0,0,,,,,
2015-03-22,2014-2015,La Liga,Real Sociedad,Córdoba,Home,3,1,W,Iñigo Martínez,Y,CB,90,0,0,,,0,0,,,,,
2015-04-04,2014-2015,La Liga,Real Sociedad,Málaga,Away,1,1,D,Iñigo Martínez,Y,CB,90,0,0,,,1,0,,,,,
2015-04-12,2014-2015,La Liga,Real Sociedad,Deportivo La Coruña,Home,2,2,D,Iñigo Martínez,Y,CB,57,0,0,,,0,0,,,,,
2015-04-25,2014-2015,La Liga,Real Sociedad,Villarreal,Home,0,0,D,Iñigo Martínez,Y,CB,90,0,0,,,0,0,,,,,
2015-04-28,2014-2015,La Liga,Real Sociedad,Athletic Club,Away,1,1,D,Iñigo Martínez,Y,CB,90,0,0,,,0,0,,,,,
2015-05-01,2014-2015,La Liga,Real Sociedad,Levante,Home,3,0,W,Iñigo Martínez,Y,CB,90,0,0,,,0,0,,,,,
2015-05-09,2014-2015,La Liga,Real Sociedad,Barcelona,Away,0,2,L,Iñigo Martínez,Y,CB,90,0,0,,,0,0,,,,,
2015-05-17,2014-2015,La Liga,Real Sociedad,Granada,Home,0,3,L,Iñigo Martínez,Y,CB,90,0,0,,,0,0,,,,,
2015-05-23,2014-2015,La Liga,Real Sociedad,Rayo Vallecano,Away,4,2,W,Iñigo Martínez,Y,CB,90,0,0,,,0,0,,,,,
2015-08-22,2015-2016,La Liga,Real Sociedad,Deportivo La Coruña,Away,0,0,D,Iñigo Martínez,Y,CB,90,0,0,0,0,0,0,1,1,0,1,1
2015-08-29,2015-2016,La Liga,Real Sociedad,Sporting Gijón,Home,0,0,D,Iñigo Martínez,Y,CB,90,0,0,1,1,0,0,3,4,0,1,2
2015-09-22,2015-2016,La Liga,Real Sociedad,Granada,Away,3,0,W,Iñigo Martínez,Y,CB,90,0,0,0,0,0,0,2,1,0,4,1
2015-09-27,2015-2016,La Liga,Real Sociedad,Athletic Club,Home,0,0,D,Iñigo Martínez,Y,CB,90,0,0,1,0,1,0,2,2,0,2,4
2015-10-03,2015-2016,La Liga,Real Sociedad,Málaga,Away,1,3,L,Iñigo Martínez,Y,CB,90,0,0,0,0,0,0,1,2,0,3,2
2015-10-18,2015-2016,La Liga,Real Sociedad,Atlético Madrid,Home,0,2,L,Iñigo Martínez,Y,CB,90,0,0,1,0,0,0,1,0,0,1,3
2015-10-25,2015-2016,La Liga,Real Sociedad,Levante,Away,4,0,W,Iñigo Martínez,Y,CB,90,0,0,0,0,0,0,0,1,0,2,2
2015-10-31,2015-2016,La Liga,Real Sociedad,Celta Vigo,Home,2,3,L,Iñigo Martínez,Y,CB,90,0,0,2,1,0,0,0,1,0,3,6
2015-11-06,2015-2016,La Liga,Real Sociedad,Las Palmas,Away,0,2,L,Iñigo Martínez,Y,CB,90,0,0,0,0,1,0,2,1,0,1,4
2015-11-21,2015-2016,La Liga,Real Sociedad,Sevilla,Home,2,0,W,Iñigo Martínez,Y,CB,90,0,0,0,0,0,0,2,0,1,2,3
2015-11-28,2015-2016,La Liga,Real Sociedad,Barcelona,Away,0,4,L,Iñigo Martínez,Y,CB,90,0,0,0,0,0,0,2,0,0,1,4
2015-12-06,2015-2016,La Liga,Real Sociedad,Eibar,Home,2,1,W,Iñigo Martínez,Y,CB,90,0,0,0,0,0,0,0,0,0,0,1
2015-12-11,2015-2016,La Liga,Real Sociedad,Getafe,Away,1,1,D,Iñigo Martínez,Y,CB,90,0,0,0,0,0,0,0,0,0,1,3
2015-12-20,2015-2016,La Liga,Real Sociedad,Villarreal,Home,0,2,L,Iñigo Martínez,Y,CB,90,0,0,0,0,1,0,1,1,1,1,1
2015-12-30,2015-2016,La Liga,Real Sociedad,Real Madrid,Away,1,3,L,Iñigo Martínez,Y,CB,90,0,0,1,0,0,0,0,0,0,2,2
2016-01-03,2015-2016,La Liga,Real Sociedad,Rayo Vallecano,Away,2,2,D,Iñigo Martínez,Y,CB,90,0,0,0,0,0,0,0,1,0,0,5
2016-01-10,2015-2016,La Liga,Real Sociedad,Valencia,Home,2,0,W,Iñigo Martínez,Y,CB,90,0,0,0,0,0,0,1,0,0,2,4
2016-01-16,2015-2016,La Liga,Real Sociedad,Deportivo La Coruña,Home,1,1,D,Iñigo Martínez,Y,CB,90,0,0,2,0,0,0,2,0,1,1,6
2016-01-22,2015-2016,La Liga,Real Sociedad,Sporting Gijón,Away,1,5,L,Iñigo Martínez,Y,CB,90,0,0,0,0,1,0,0,1,0,2,4
2016-01-30,2015-2016,La Liga,Real Sociedad,Real Betis,Home,2,1,W,Iñigo Martínez,Y,CB,90,1,0,1,1,0,0,1,1,0,1,6
2016-02-08,2015-2016,La Liga,Real Sociedad,Espanyol,Away,5,0,W,Iñigo Martínez,Y,CB,90,0,0,0,0,0,0,0,0,0,1,4
2016-02-21,2015-2016,La Liga,Real Sociedad,Athletic Club,Away,1,0,W,Iñigo Martínez,Y,CB,90,0,0,0,0,0,0,1,2,0,0,3
2016-02-27,2015-2016,La Liga,Real Sociedad,Málaga,Home,1,1,D,Iñigo Martínez,Y,CB,90,0,0,1,1,1,0,1,1,0,1,1
2016-03-06,2015-2016,La Liga,Real Sociedad,Levante,Home,1,1,D,Iñigo Martínez,Y,CB,90,0,0,0,0,0,0,1,0,1,1,2
2016-03-12,2015-2016,La Liga,Real Sociedad,Celta Vigo,Away,0,1,L,Iñigo Martínez,Y,CB,90,0,0,0,0,0,0,1,0,0,1,6
2016-03-19,2015-2016,La Liga,Real Sociedad,Las Palmas,Home,0,1,L,Iñigo Martínez,Y,CB,90,0,0,1,0,1,0,3,1,0,2,2
2016-04-03,2015-2016,La Liga,Real Sociedad,Sevilla,Away,2,1,W,Iñigo Martínez,Y,CB,90,0,0,1,0,0,0,1,2,0,1,2
2016-04-16,2015-2016,La Liga,Real Sociedad,Eibar,Away,1,2,L,Iñigo Martínez,Y,CB,90,0,0,0,0,1,0,2,1,0,2,3
2016-04-21,2015-2016,La Liga,Real Sociedad,Getafe,Home,1,2,L,Iñigo Martínez,Y,CB,90,0,0,4,1,0,0,0,1,0,3,2
2016-04-24,2015-2016,La Liga,Real Sociedad,Villarreal,Away,0,0,D,Iñigo Martínez,Y,CB,90,0,0,0,0,0,0,4,0,0,1,4
2016-08-21,2016-2017,La Liga,Real Sociedad,Real Madrid,Home,0,3,L,Iñigo Martínez,Y,CB,90,0,0,1,0,0,0,1,0,0,1,1
2016-08-27,2016-2017,La Liga,Real Sociedad,Osasuna,Away,2,0,W,Iñigo Martínez,Y,CB,90,0,0,0,0,0,0,3,2,0,0,2
2016-09-09,2016-2017,La Liga,Real Sociedad,Espanyol,Home,1,1,D,Iñigo Martínez,Y,CB,90,0,0,1,1,0,0,1,0,1,1,3
2016-09-18,2016-2017,La Liga,Real Sociedad,Villarreal,Away,1,2,L,Iñigo Martínez,Y,CB,90,0,0,3,0,0,0,1,1,1,1,3
2016-09-21,2016-2017,La Liga,Real Sociedad,Las Palmas,Home,4,1,W,Iñigo Martínez,Y,CB,90,0,0,1,1,1,0,1,0,1,0,1
2016-09-24,2016-2017,La Liga,Real Sociedad,Eibar,Away,0,2,L,Iñigo Martínez,Y,CB,90,0,0,0,0,1,0,3,1,0,0,3
2016-09-30,2016-2017,La Liga,Real Sociedad,Real Betis,Home,1,0,W,Iñigo Martínez,Y,CB,90,0,0,1,1,1,0,3,2,0,1,1
2016-10-16,2016-2017,La Liga,Real Sociedad,Athletic Club,Away,2,3,L,Iñigo Martínez,Y,CB,90,1,1,1,1,1,0,2,1,0,1,3
2016-10-22,2016-2017,La Liga,Real Sociedad,Alavés,Home,3,0,W,Iñigo Martínez,Y,CB,90,0,0,0,0,0,0,2,1,0,0,2
2016-10-28,2016-2017,La Liga,Real Sociedad,Leganés,Away,2,0,W,Iñigo Martínez,Y,CB,90,0,0,1,0,1,0,1,2,0,2,2
2016-11-20,2016-2017,La Liga,Real Sociedad,Sporting Gijón,Away,3,1,W,Iñigo Martínez,Y,CB,90,1,0,3,2,0,0,0,1,0,3,3
2016-11-27,2016-2017,La Liga,Real Sociedad,Barcelona,Home,1,1,D,Iñigo Martínez,Y,CB,90,0,0,2,1,0,0,1,0,0,0,0
2016-12-05,2016-2017,La Liga,Real Sociedad,Deportivo La Coruña,Away,1,5,L,Iñigo Martínez,Y,CB,90,0,0,1,0,1,0,1,3,0,1,2
2016-12-10,2016-2017,La Liga,Real Sociedad,Valencia,Home,3,2,W,Iñigo Martínez,Y,CB,90,0,0,0,0,0,0,1,2,0,0,0
2016-12-17,2016-2017,La Liga,Real Sociedad,Granada,Away,2,0,W,Iñigo Martínez,Y,CB,90,0,0,0,0,0,0,2,0,1,1,2
2017-01-07,2016-2017,La Liga,Real Sociedad,Sevilla,Home,0,4,L,Iñigo Martínez,Y,CB,90,0,0,3,1,0,0,1,1,0,1,0
2017-01-16,2016-2017,La Liga,Real Sociedad,Málaga,Away,2,0,W,Iñigo Martínez,Y,CB,90,1,0,2,1,0,0,1,2,0,1,3
2017-01-22,2016-2017,La Liga,Real Sociedad,Celta Vigo,Home,1,0,W,Iñigo Martínez,Y,CB,90,0,0,0,0,0,0,0,2,2,2,2
2017-01-29,2016-2017,La Liga,Real Sociedad,Real Madrid,Away,0,3,L,Iñigo Martínez,Y,CB,73,0,0,0,0,2,1,1,3,1,1,1
2017-02-10,2016-2017,La Liga,Real Sociedad,Espanyol,Away,2,1,W,Iñigo Martínez,Y,CB,90,0,1,1,1,0,0,1,1,2,2,1
2017-02-19,2016-2017,La Liga,Real Sociedad,Villarreal,Home,0,1,L,Iñigo Martínez,Y,CB,90,0,0,2,0,0,0,0,0,1,0,1
2017-02-24,2016-2017,La Liga,Real Sociedad,Las Palmas,Away,1,0,W,Iñigo Martínez,Y,CB,90,0,0,1,0,0,0,2,0,0,1,3
2017-02-28,2016-2017,La Liga,Real Sociedad,Eibar,Home,2,2,D,Iñigo Martínez,Y,CB,90,0,0,1,0,0,0,1,2,0,0,5
2017-03-03,2016-2017,La Liga,Real Sociedad,Real Betis,Away,3,2,W,Iñigo Martínez,Y,CB,90,0,0,1,0,0,0,2,3,0,0,0
2017-03-12,2016-2017,La Liga,Real Sociedad,Athletic Club,Home,0,2,L,Iñigo Martínez,Y,CB,90,0,0,1,0,1,0,2,1,1,0,0
2017-04-01,2016-2017,La Liga,Real Sociedad,Leganés,Home,1,1,D,Iñigo Martínez,Y,CB,90,0,0,2,0,0,0,1,1,0,1,2
2017-04-04,2016-2017,La Liga,Real Sociedad,Atlético Madrid,Away,0,1,L,Iñigo Martínez,Y,CB,90,0,0,0,0,0,0,0,1,0,3,4
2017-04-10,2016-2017,La Liga,Real Sociedad,Sporting Gijón,Home,3,1,W,Iñigo Martínez,Y,CB,90,0,0,1,0,0,0,2,1,0,0,1
2017-04-15,2016-2017,La Liga,Real Sociedad,Barcelona,Away,2,3,L,Iñigo Martínez,Y,CB,90,0,0,3,1,0,0,1,1,0,3,3
2017-04-23,2016-2017,La Liga,Real Sociedad,Deportivo La Coruña,Home,1,0,W,Iñigo Martínez,Y,CB,90,0,0,2,1,0,0,1,1,0,1,1
2017-04-26,2016-2017,La Liga,Real Sociedad,Valencia,Away,3,2,W,Iñigo Martínez,Y,CB,44,0,0,1,0,1,0,2,0,0,0,1
2017-05-05,2016-2017,La Liga,Real Sociedad,Sevilla,Away,1,1,D,Iñigo Martínez,Y,CB,90,0,0,0,0,1,0,2,1,0,1,3
2017-05-14,2016-2017,La Liga,Real Sociedad,Málaga,Home,2,2,D,Iñigo Martínez,Y,CB,90,0,1,1,0,0,0,1,0,1,0,0
2017-05-21,2016-2017,La Liga,Real Sociedad,Celta Vigo,Away,2,2,D,Iñigo Martínez,Y,CB,90,0,0,4,1,0,0,2,0,1,0,1
2017-09-10,2017-2018,La Liga,Real Sociedad,Deportivo La Coruña,Away,4,2,W,Iñigo Martínez,Y,CB,65,0,0,2,0,0,0,0,2,0,2,0
2017-10-23,2017-2018,La Liga,Real Sociedad,Espanyol,Home,1,1,D,Iñigo Martínez,Y,CB,90,0,0,0,0,0,0,1,2,0,0,2
2017-10-29,2017-2018,La Liga,Real Sociedad,Getafe,Away,1,2,L,Iñigo Martínez,Y,CB,90,0,0,1,0,0,0,2,2,1,1,2
2017-11-05,2017-2018,La Liga,Real Sociedad,Eibar,Home,3,1,W,Iñigo Martínez,Y,CB,90,0,0,1,1,0,0,1,0,0,0,3
2017-11-17,2017-2018,La Liga,Real Sociedad,Girona,Away,1,1,D,Iñigo Martínez,Y,CB,90,0,0,2,0,0,0,0,3,1,2,2
2017-11-26,2017-2018,La Liga,Real Sociedad,Las Palmas,Home,2,2,D,Iñigo Martínez,Y,CB,90,0,0,0,0,0,0,1,0,0,1,1
2017-12-02,2017-2018,La Liga,Real Sociedad,Atlético Madrid,Away,1,2,L,Iñigo Martínez,Y,CB,90,0,0,1,0,0,0,0,0,0,2,2
2017-12-10,2017-2018,La Liga,Real Sociedad,Málaga,Home,0,2,L,Iñigo Martínez,Y,CB,90,0,0,1,0,0,0,2,1,0,0,3
2017-12-16,2017-2018,La Liga,Real Sociedad,Athletic Club,Away,0,0,D,Iñigo Martínez,Y,CB,90,0,0,1,1,0,0,1,0,0,1,0
2017-12-20,2017-2018,La Liga,Real Sociedad,Sevilla,Home,3,1,W,Iñigo Martínez,Y,LB,90,1,1,1,1,0,0,1,2,2,0,0
2018-01-07,2017-2018,La Liga,Real Sociedad,Leganés,Away,0,1,L,Iñigo Martínez,Y,LB,90,0,0,0,0,0,0,1,0,5,0,2
2018-01-27,2017-2018,La Liga,Real Sociedad,Villarreal,Away,2,4,L,Iñigo Martínez,Y,CB,90,0,0,1,0,0,0,1,4,0,1,5
2018-02-04,2017-2018,La Liga,Athletic Club,Girona,Away,0,2,L,Iñigo Martínez,Y,CB,90,0,0,1,0,0,0,1,1,0,1,1
2018-02-09,2017-2018,La Liga,Athletic Club,Las Palmas,Home,0,0,D,Iñigo Martínez,Y,CB,90,0,0,0,0,0,0,1,6,0,0,1
2018-02-18,2017-2018,La Liga,Athletic Club,Atlético Madrid,Away,0,2,L,Iñigo Martínez,Y,CB,90,0,0,0,0,0,0,1,0,0,1,4
2018-02-25,2017-2018,La Liga,Athletic Club,Málaga,Home,2,1,W,Iñigo Martínez,Y,CB,90,0,0,0,0,1,0,1,1,0,2,1
2018-02-28,2017-2018,La Liga,Athletic Club,Valencia,Home,1,1,D,Iñigo Martínez,Y,CB,90,0,0,0,0,0,0,1,2,0,2,2
2018-03-03,2017-2018,La Liga,Athletic Club,Sevilla,Away,0,2,L,Iñigo Martínez,Y,CB,90,0,0,1,0,1,0,2,0,0,4,0
2018-03-11,2017-2018,La Liga,Athletic Club,Leganés,Home,2,0,W,Iñigo Martínez,Y,CB,90,0,0,0,0,0,0,1,0,0,3,1
2018-03-18,2017-2018,La Liga,Athletic Club,Barcelona,Away,0,2,L,Iñigo Martínez,Y,CB,90,0,0,0,0,0,0,1,0,1,1,3
2018-03-31,2017-2018,La Liga,Athletic Club,Celta Vigo,Home,1,1,D,Iñigo Martínez,Y,CB,90,0,0,0,0,1,0,1,2,2,1,2
2018-04-09,2017-2018,La Liga,Athletic Club,Villarreal,Away,3,1,W,Iñigo Martínez,Y,CB,90,0,0,0,0,1,0,3,2,1,0,1
2018-04-14,2017-2018,La Liga,Athletic Club,Deportivo La Coruña,Home,2,3,L,Iñigo Martínez,Y,CB,90,0,0,1,1,0,0,0,1,0,1,5
2018-04-18,2017-2018,La Liga,Athletic Club,Real Madrid,Away,1,1,D,Iñigo Martínez,Y,CB,90,0,0,0,0,0,0,2,0,0,1,0
2018-04-23,2017-2018,La Liga,Athletic Club,Levante,Home,1,3,L,Iñigo Martínez,Y,CB,90,0,0,0,0,0,0,4,0,2,1,2
2018-04-28,2017-2018,La Liga,Athletic Club,Real Sociedad,Away,1,3,L,Iñigo Martínez,Y,CB,90,0,0,3,1,1,0,0,0,0,0,2
2018-05-05,2017-2018,La Liga,Athletic Club,Real Betis,Home,2,0,W,Iñigo Martínez,Y,CB,90,0,0,1,1,0,0,0,0,0,3,1
2018-05-12,2017-2018,La Liga,Athletic Club,Alavés,Away,1,3,L,Iñigo Martínez,Y,CB,90,0,0,1,1,1,0,1,3,0,0,5
2018-09-15,2018-2019,La Liga,Athletic Club,Real Madrid,Home,1,1,D,Iñigo Martínez,Y,CB,90,0,0,1,0,0,0,2,1,1,1,3
2018-09-23,2018-2019,La Liga,Athletic Club,Real Betis,Away,2,2,D,Iñigo Martínez,Y,CB,90,0,0,1,0,1,0,3,0,0,0,2
2018-09-26,2018-2019,La Liga,Athletic Club,Villarreal,Home,0,3,L,Iñigo Martínez,Y,CB,90,0,0,1,0,0,0,0,1,0,0,2
2018-09-29,2018-2019,La Liga,Athletic Club,Barcelona,Away,1,1,D,Iñigo Martínez,Y,CB,22,0,0,0,0,0,0,0,1,0,1,1
2018-10-05,2018-2019,La Liga,Athletic Club,Real Sociedad,Home,1,3,L,Iñigo Martínez,Y,CB,90,0,0,1,0,1,0,1,1,1,1,1
2018-10-21,2018-2019,La Liga,Athletic Club,Eibar,Away,1,1,D,Iñigo Martínez,Y,CB,90,0,0,0,0,0,0,2,0,0,2,0
2018-10-24,2018-2019,La Liga,Athletic Club,Rayo Vallecano,Away,1,1,D,Iñigo Martínez,Y,CB,90,0,0,0,0,0,0,0,0,0,1,1
2018-10-27,2018-2019,La Liga,Athletic Club,Valencia,Home,0,0,D,Iñigo Martínez,Y,CB,90,0,0,1,0,0,0,3,2,0,0,1
2018-11-05,2018-2019,La Liga,Athletic Club,Espanyol,Away,0,1,L,Iñigo Martínez,Y,CB,90,0,0,1,0,0,0,1,3,3,0,4
2018-11-10,2018-2019,La Liga,Athletic Club,Atlético Madrid,Away,2,3,L,Iñigo Martínez,Y,CB,90,0,0,0,0,1,0,2,2,0,1,6
2018-11-25,2018-2019,La Liga,Athletic Club,Getafe,Home,1,1,D,Iñigo Martínez,Y,CB,90,0,0,2,0,1,0,1,2,2,0,1
2018-12-03,2018-2019,La Liga,Athletic Club,Levante,Away,0,3,L,Iñigo Martínez,Y,CB,90,0,0,2,0,1,0,1,3,0,1,3
2018-12-17,2018-2019,La Liga,Athletic Club,Alavés,Away,0,0,D,Iñigo Martínez,Y,CB,90,0,0,0,0,1,0,2,2,1,2,2
2018-12-22,2018-2019,La Liga,Athletic Club,Valladolid,Home,1,1,D,Iñigo Martínez,Y,CB,90,0,0,1,1,0,0,0,1,0,0,0
2019-01-07,2018-2019,La Liga,Athletic Club,Celta Vigo,Away,2,1,W,Iñigo Martínez,Y,CB,90,0,0,0,0,0,0,1,3,0,0,3
2019-01-13,2018-2019,La Liga,Athletic Club,Sevilla,Home,2,0,W,Iñigo Martínez,Y,CB,90,0,0,0,0,1,0,2,3,0,0,3
2019-01-20,2018-2019,La Liga,Athletic Club,Villarreal,Away,1,1,D,Iñigo Martínez,Y,CB,90,0,0,0,0,0,0,0,1,0,0,2
2019-01-27,2018-2019,La Liga,Athletic Club,Real Betis,Home,1,0,W,Iñigo Martínez,Y,CB,90,0,0,2,0,0,0,4,0,0,0,4
2019-02-02,2018-2019,La Liga,Athletic Club,Real Sociedad,Away,1,2,L,Iñigo Martínez,Y,CB,90,0,0,1,1,0,0,0,3,0,0,1
2019-02-10,2018-2019,La Liga,Athletic Club,Barcelona,Home,0,0,D,Iñigo Martínez,Y,CB,90,0,0,0,0,0,0,0,1,0,1,5
2019-02-18,2018-2019,La Liga,Athletic Club,Huesca,Away,1,0,W,Iñigo Martínez,Y,CB,90,0,0,0,0,0,0,1,0,0,1,1
2019-02-23,2018-2019,La Liga,Athletic Club,Eibar,Home,1,0,W,Iñigo Martínez,Y,CB,90,0,0,3,0,1,0,1,1,0,0,3
2019-03-03,2018-2019,La Liga,Athletic Club,Valencia,Away,0,2,L,Iñigo Martínez,Y,CB,90,0,0,1,0,1,0,2,3,0,2,2
2019-03-08,2018-2019,La Liga,Athletic Club,Espanyol,Home,1,1,D,Iñigo Martínez,Y,CB,90,0,0,1,1,1,0,2,1,1,1,2
2019-03-29,2018-2019,La Liga,Athletic Club,Girona,Away,2,1,W,Iñigo Martínez,Y,CB,90,0,0,0,0,1,0,2,3,0,1,1
2019-04-03,2018-2019,La Liga,Athletic Club,Levante,Home,3,2,W,Iñigo Martínez,Y,CB,90,0,0,0,0,0,0,0,1,0,1,2
2019-04-07,2018-2019,La Liga,Athletic Club,Getafe,Away,0,1,L,Iñigo Martínez,Y,CB,90,0,0,1,0,0,0,2,3,0,1,4
2019-04-14,2018-2019,La Liga,Athletic Club,Rayo Vallecano,Home,3,2,W,Iñigo Martínez,Y,CB,90,0,0,0,0,0,0,1,1,0,1,1
2019-04-21,2018-2019,La Liga,Athletic Club,Real Madrid,Away,0,3,L,Iñigo Martínez,Y,CB,90,0,0,1,0,1,0,2,2,0,1,3
2019-04-24,2018-2019,La Liga,Athletic Club,Leganés,Away,1,0,W,Iñigo Martínez,Y,CB,90,0,0,1,1,0,0,0,0,1,1,1
2019-04-27,2018-2019,La Liga,Athletic Club,Alavés,Home,1,1,D,Iñigo Martínez,Y,CB,90,0,0,1,0,0,0,0,3,0,1,2
2019-05-12,2018-2019,La Liga,Athletic Club,Celta Vigo,Home,3,1,W,Iñigo Martínez,Y,CB,90,0,0,0,0,0,0,0,3,0,2,1
2019-05-18,2018-2019,La Liga,Athletic Club,Sevilla,Away,0,2,L,Iñigo Martínez,Y,CB,90,0,0,2,0,0,0,1,3,0,3,1
2019-08-30,2019-2020,La Liga,Athletic Club,Real Sociedad,Home,2,0,W,Iñigo Martínez,Y,CB,90,0,0,1,0,0,0,0,4,0,1,1
2019-09-13,2019-2020,La Liga,Athletic Club,Mallorca,Away,0,0,D,Iñigo Martínez,Y,CB,90,0,0,0,0,1,0,3,1,1,0,0
2019-09-22,2019-2020,La Liga,Athletic Club,Alavés,Home,2,0,W,Iñigo Martínez,Y,CB,90,0,0,2,0,0,0,1,0,1,1,1
2019-09-25,2019-2020,La Liga,Athletic Club,Leganés,Away,1,1,D,Iñigo Martínez,Y,CB,90,0,0,2,0,0,0,1,0,0,0,3
2019-09-28,2019-2020,La Liga,Athletic Club,Valencia,Home,0,1,L,Iñigo Martínez,Y,CB,90,0,0,2,0,0,0,0,3,0,1,1
2019-10-06,2019-2020,La Liga,Athletic Club,Celta Vigo,Away,0,1,L,Iñigo Martínez,Y,CB,90,0,0,0,0,1,0,2,1,0,0,0
2019-10-20,2019-2020,La Liga,Athletic Club,Valladolid,Home,1,1,D,Iñigo Martínez,Y,CB,90,0,0,1,0,0,0,1,0,0,1,2
2019-10-26,2019-2020,La Liga,Athletic Club,Atlético Madrid,Away,0,2,L,Iñigo Martínez,Y,CB,90,0,0,3,1,0,0,0,1,0,2,2
2019-10-30,2019-2020,La Liga,Athletic Club,Espanyol,Home,3,0,W,Iñigo Martínez,Y,CB,90,0,0,0,0,0,0,1,2,0,1,2
2019-11-03,2019-2020,La Liga,Athletic Club,Villarreal,Away,0,0,D,Iñigo Martínez,Y,CB,90,0,0,1,0,0,0,0,0,0,0,3
2019-11-10,2019-2020,La Liga,Athletic Club,Levante,Home,2,1,W,Iñigo Martínez,Y,CB,90,0,0,3,1,0,0,0,0,1,1,1
2019-11-24,2019-2020,La Liga,Athletic Club,Osasuna,Away,2,1,W,Iñigo Martínez,Y,CB,90,0,0,0,0,0,0,1,2,0,0,1
2019-12-01,2019-2020,La Liga,Athletic Club,Granada,Home,2,0,W,Iñigo Martínez,Y,CB,90,0,0,0,0,0,0,0,1,0,0,2
2019-12-08,2019-2020,La Liga,Athletic Club,Real Betis,Away,2,3,L,Iñigo Martínez,Y,CB,90,0,0,1,0,0,0,1,2,0,4,1
2019-12-14,2019-2020,La Liga,Athletic Club,Eibar,Home,0,0,D,Iñigo Martínez,Y,CB,90,0,0,0,0,0,0,1,2,0,1,2
2019-12-22,2019-2020,La Liga,Athletic Club,Real Madrid,Away,0,0,D,Iñigo Martínez,Y,CB,90,0,0,0,0,0,0,0,3,0,4,1
2020-01-03,2019-2020,La Liga,Athletic Club,Sevilla,Away,1,1,D,Iñigo Martínez,Y,CB,90,0,1,0,0,1,0,6,2,0,0,4
2020-01-19,2019-2020,La Liga,Athletic Club,Celta Vigo,Home,1,1,D,Iñigo Martínez,Y,CB,90,0,0,2,0,1,0,2,3,0,4,2
2020-01-25,2019-2020,La Liga,Athletic Club,Espanyol,Away,1,1,D,Iñigo Martínez,Y,CB,90,0,0,0,0,0,0,0,0,1,3,3
2020-02-02,2019-2020,La Liga,Athletic Club,Getafe,Home,0,2,L,Iñigo Martínez,Y,CB,90,0,0,1,0,1,0,1,3,0,1,2
2020-02-16,2019-2020,La Liga,Athletic Club,Osasuna,Home,0,1,L,Iñigo Martínez,Y,CB,90,0,0,0,0,1,0,1,1,2,0,0
2020-02-23,2019-2020,La Liga,Athletic Club,Alavés,Away,1,2,L,Iñigo Martínez,Y,CB,90,0,0,2,0,1,0,1,0,0,0,2
2020-03-01,2019-2020,La Liga,Athletic Club,Villarreal,Home,1,0,W,Iñigo Martínez,Y,CB,90,0,0,3,1,0,0,1,1,0,0,2
2020-03-08,2019-2020,La Liga,Athletic Club,Valladolid,Away,4,1,W,Iñigo Martínez,Y,CB,90,0,0,0,0,0,0,0,0,0,2,0
2020-06-14,2019-2020,La Liga,Athletic Club,Atlético Madrid,Home,1,1,D,Iñigo Martínez,Y,CB,90,0,0,0,0,1,0,1,0,0,1,0
2020-06-17,2019-2020,La Liga,Athletic Club,Eibar,Away,2,2,D,Iñigo Martínez,Y,CB,90,0,0,0,0,0,0,0,0,1,0,1
2020-06-20,2019-2020,La Liga,Athletic Club,Real Betis,Home,1,0,W,Iñigo Martínez,Y,CB,90,1,0,1,1,1,0,2,1,0,0,1
2020-06-27,2019-2020,La Liga,Athletic Club,Mallorca,Home,3,1,W,Iñigo Martínez,Y,CB,90,0,0,0,0,0,0,1,0,0,1,1
2020-07-01,2019-2020,La Liga,Athletic Club,Valencia,Away,2,0,W,Iñigo Martínez,Y,CB,90,0,0,0,0,0,0,0,1,0,1,0
2020-07-05,2019-2020,La Liga,Athletic Club,Real Madrid,Home,0,1,L,Iñigo Martínez,Y,CB,90,0,0,0,0,0,0,0,0,1,1,0
2020-07-09,2019-2020,La Liga,Athletic Club,Sevilla,Home,1,2,L,Iñigo Martínez,Y,CB,90,0,0,0,0,0,0,1,1,0,0,1
2020-07-12,2019-2020,La Liga,Athletic Club,Levante,Away,2,1,W,Iñigo Martínez,Y,CB,90,0,0,1,0,1,0,1,0,0,2,1
2020-07-19,2019-2020,La Liga,Athletic Club,Granada,Away,0,4,L,Iñigo Martínez,Y,CB,90,0,0,0,0,0,0,0,1,0,3,2
2020-09-12,2020-2021,La Liga,Athletic Club,Granada,Away,0,2,L,Iñigo Martínez,Y,CB,90,0,0,0,0,1,0,2,0,0,1,2
2020-09-27,2020-2021,La Liga,Athletic Club,Eibar,Away,2,1,W,Iñigo Martínez,Y,CB,90,0,0,0,0,0,0,2,0,0,0,0
2020-10-01,2020-2021,La Liga,Athletic Club,Cádiz,Home,0,1,L,Iñigo Martínez,Y,CB,90,0,0,1,1,1,0,3,4,1,0,2
2020-10-04,2020-2021,La Liga,Athletic Club,Alavés,Away,0,1,L,Iñigo Martínez,Y,CB,90,0,0,1,0,1,0,1,0,1,1,0
2020-10-18,2020-2021,La Liga,Athletic Club,Levante,Home,2,0,W,Iñigo Martínez,Y,CB,90,0,0,1,0,0,0,0,0,0,0,1
2020-10-24,2020-2021,La Liga,Athletic Club,Osasuna,Away,0,1,L,Iñigo Martínez,Y,CB,90,0,0,1,1,0,0,0,3,1,0,2
2020-10-31,2020-2021,La Liga,Athletic Club,Sevilla,Home,2,1,W,Iñigo Martínez,Y,CB,90,0,0,1,0,1,0,2,2,0,1,0
2020-11-08,2020-2021,La Liga,Athletic Club,Valladolid,Away,1,2,L,Iñigo Martínez,Y,CB,90,0,0,1,0,0,0,0,2,0,1,0
2020-11-23,2020-2021,La Liga,Athletic Club,Real Betis,Home,4,0,W,Iñigo Martínez,Y,CB,90,0,0,0,0,0,0,1,0,1,2,3
2020-11-29,2020-2021,La Liga,Athletic Club,Getafe,Away,1,1,D,Iñigo Martínez,Y,CB,90,0,0,2,0,1,0,1,1,0,1,1
2020-12-12,2020-2021,La Liga,Athletic Club,Valencia,Away,2,2,D,Iñigo Martínez,Y,CB,90,0,0,1,0,0,0,2,1,2,0,1
2020-12-15,2020-2021,La Liga,Athletic Club,Real Madrid,Away,1,3,L,Iñigo Martínez,Y,CB,90,0,0,1,1,0,0,0,0,0,0,0
2020-12-18,2020-2021,La Liga,Athletic Club,Huesca,Home,2,0,W,Iñigo Martínez,Y,CB,90,0,0,0,0,0,0,0,2,0,2,2
2020-12-22,2020-2021,La Liga,Athletic Club,Villarreal,Away,1,1,D,Iñigo Martínez,Y,CB,90,0,0,0,0,0,0,3,1,1,1,1
2020-12-31,2020-2021,La Liga,Athletic Club,Real Sociedad,Home,0,1,L,Iñigo Martínez,Y,CB,90,0,0,1,0,1,0,1,0,2,1,0
2021-01-03,2020-2021,La Liga,Athletic Club,Elche,Home,1,0,W,Iñigo Martínez,Y,CB,90,0,0,0,0,0,0,2,2,0,0,2
2021-01-06,2020-2021,La Liga,Athletic Club,Barcelona,Home,2,3,L,Iñigo Martínez,Y,CB,90,0,0,0,0,0,0,0,2,0,1,2
2021-01-31,2020-2021,La Liga,Athletic Club,Barcelona,Away,1,2,L,Iñigo Martínez,Y,CB,90,0,0,0,0,0,0,2,1,0,2,1
2021-02-07,2020-2021,La Liga,Athletic Club,Valencia,Home,1,1,D,Iñigo Martínez,Y,CB,90,0,0,0,0,1,0,1,0,0,0,3
2021-02-21,2020-2021,La Liga,Athletic Club,Villarreal,Home,1,1,D,Iñigo Martínez,Y,CB,90,0,0,0,0,0,0,2,1,0,2,1
2021-02-26,2020-2021,La Liga,Athletic Club,Levante,Away,1,1,D,Iñigo Martínez,Y,CB,89,0,0,1,1,0,1,3,2,0,0,1
2021-03-20,2020-2021,La Liga,Athletic Club,Eibar,Home,1,1,D,Iñigo Martínez,Y,CB,90,0,0,1,0,1,0,1,3,0,0,1
2021-04-07,2020-2021,La Liga,Athletic Club,Real Sociedad,Away,1,1,D,Iñigo Martínez,Y,CB,90,0,0,0,0,0,0,0,2,1,0,2
2021-04-25,2020-2021,La Liga,Athletic Club,Atlético Madrid,Home,2,1,W,Iñigo Martínez,Y,CB,90,1,0,1,1,0,0,1,1,0,0,0
2021-04-28,2020-2021,La Liga,Athletic Club,Valladolid,Home,2,2,D,Iñigo Martínez,Y,CB,90,0,0,2,1,0,0,0,1,0,1,0
2021-05-08,2020-2021,La Liga,Athletic Club,Osasuna,Home,2,2,D,Iñigo Martínez,Y,CB,90,0,0,0,0,0,0,0,0,1,1,0
2021-05-12,2020-2021,La Liga,Athletic Club,Huesca,Away,0,1,L,Iñigo Martínez,Y,CB,90,0,0,1,1,0,0,0,3,0,0,0
2021-05-16,2020-2021,La Liga,Athletic Club,Real Madrid,Home,0,1,L,Iñigo Martínez,Y,CB,90,0,0,1,0,1,0,0,0,0,0,0
2021-08-16,2021-2022,La Liga,Athletic Club,Elche,Away,0,0,D,Iñigo Martínez,Y,CB,90,0,0,0,0,0,0,3,2,0,0,1
2021-08-21,2021-2022,La Liga,Athletic Club,Barcelona,Home,1,1,D,Iñigo Martínez,Y,CB,90,1,0,2,1,1,0,2,1,1,1,1
2021-08-28,2021-2022,La Liga,Athletic Club,Celta Vigo,Away,1,0,W,Iñigo Martínez,Y,CB,90,0,0,1,0,0,0,0,2,1,2,3
2021-09-11,2021-2022,La Liga,Athletic Club,Mallorca,Home,2,0,W,Iñigo Martínez,Y,CB,90,0,0,1,1,0,0,0,0,0,0,1
2021-09-18,2021-2022,La Liga,Athletic Club,Atlético Madrid,Away,0,0,D,Iñigo Martínez,Y,CB,90,0,0,1,0,0,0,1,0,0,0,1
2021-09-21,2021-2022,La Liga,Athletic Club,Rayo Vallecano,Home,1,2,L,Iñigo Martínez,Y,CB,90,0,0,0,0,1,0,2,2,0,1,1
2021-09-25,2021-2022,La Liga,Athletic Club,Valencia,Away,1,1,D,Iñigo Martínez,Y,CB,90,1,0,2,1,0,0,0,1,0,1,1
2021-10-01,2021-2022,La Liga,Athletic Club,Alavés,Home,1,0,W,Iñigo Martínez,Y,CB,90,0,0,2,0,0,0,3,0,0,1,1
2021-10-23,2021-2022,La Liga,Athletic Club,Villarreal,Home,2,1,W,Iñigo Martínez,Y,CB,90,0,0,2,2,0,0,1,1,1,1,2
2021-10-31,2021-2022,La Liga,Athletic Club,Real Sociedad,Away,1,1,D,Iñigo Martínez,Y,CB,83,0,0,1,1,2,1,2,0,0,0,2
2021-11-19,2021-2022,La Liga,Athletic Club,Levante,Away,0,0,D,Iñigo Martínez,Y,CB,90,0,0,1,0,0,0,0,1,0,0,1
2021-11-26,2021-2022,La Liga,Athletic Club,Granada,Home,2,2,D,Iñigo Martínez,Y,CB,89,0,0,2,0,0,1,1,0,0,0,1
2021-12-06,2021-2022,La Liga,Athletic Club,Getafe,Away,0,0,D,Iñigo Martínez,Y,CB,90,0,0,2,1,0,0,2,2,0,1,1
2021-12-11,2021-2022,La Liga,Athletic Club,Sevilla,Home,0,1,L,Iñigo Martínez,Y,CB,90,0,0,0,0,1,0,1,3,1,0,1
2022-01-03,2021-2022,La Liga,Athletic Club,Osasuna,Away,3,1,W,Iñigo Martínez,Y,CB,90,0,0,0,0,1,0,0,2,0,0,0
2022-01-09,2021-2022,La Liga,Athletic Club,Alavés,Away,0,0,D,Iñigo Martínez,Y,CB,90,0,0,1,0,0,0,1,0,0,1,0
2022-01-23,2021-2022,La Liga,Athletic Club,Rayo Vallecano,Away,1,0,W,Iñigo Martínez,Y,CB,90,0,0,0,0,0,0,1,2,0,1,2
2022-02-07,2021-2022,La Liga,Athletic Club,Espanyol,Home,2,1,W,Iñigo Martínez,Y,CB,90,1,0,1,1,1,0,1,1,0,0,0
2022-02-20,2021-2022,La Liga,Athletic Club,Real Sociedad,Home,4,0,W,Iñigo Martínez,Y,CB,90,0,0,1,0,1,0,1,1,0,0,2
2022-02-27,2021-2022,La Liga,Athletic Club,Barcelona,Away,0,4,L,Iñigo Martínez,N,CB,45,0,0,0,0,0,0,3,0,0,1,3
2022-03-07,2021-2022,La Liga,Athletic Club,Levante,Home,3,1,W,Iñigo Martínez,Y,CB,54,0,0,3,1,0,0,0,2,1,0,3
2022-04-21,2021-2022,La Liga,Athletic Club,Cádiz,Away,3,2,W,Iñigo Martínez,Y,CB,90,0,0,0,0,1,0,2,1,0,2,1
2022-04-30,2021-2022,La Liga,Athletic Club,Atlético Madrid,Home,2,0,W,Iñigo Martínez,Y,CB,90,0,0,2,0,0,0,1,0,0,0,3
2022-05-07,2021-2022,La Liga,Athletic Club,Valencia,Home,0,0,D,Iñigo Martínez,Y,CB,90,0,0,1,0,0,0,2,0,2,0,2
2022-05-10,2021-2022,La Liga,Athletic Club,Granada,Away,0,1,L,Iñigo Martínez,Y,CB,90,0,0,1,0,0,0,2,2,1,1,0
2022-05-15,2021-2022,La Liga,Athletic Club,Osasuna,Home,2,0,W,Iñigo Martínez,Y,CB,90,0,0,0,0,0,0,0,1,1,1,4
2022-05-22,2021-2022,La Liga,Athletic Club,Sevilla,Away,0,1,L,Iñigo Martínez,Y,CB,90,0,0,0,0,0,0,1,0,0,1,2
2022-09-11,2022-2023,La Liga,Athletic Club,Elche,Away,4,1,W,Iñigo Martínez,Y,CB,90,0,0,1,0,0,0,2,1,0,0,3
2022-09-17,2022-2023,La Liga,Athletic Club,Rayo Vallecano,Home,3,2,W,Iñigo Martínez,Y,CB,90,0,0,2,0,0,0,0,1,1,0,1
2022-09-30,2022-2023,La Liga,Athletic Club,Almería,Home,4,0,W,Iñigo Martínez,Y,CB,90,0,0,1,0,0,0,1,0,0,1,1
2022-10-08,2022-2023,La Liga,Athletic Club,Sevilla,Away,1,1,D,Iñigo Martínez,Y,CB,90,0,0,1,0,0,0,0,1,0,0,2
2022-10-15,2022-2023,La Liga,Athletic Club,Atlético Madrid,Home,0,1,L,Iñigo Martínez,Y,CB,90,0,0,1,1,0,0,1,2,0,1,1
2022-10-18,2022-2023,La Liga,Athletic Club,Getafe,Away,2,2,D,Iñigo Martínez,Y,CB,90,0,0,1,0,1,0,2,1,0,1,2
2022-10-23,2022-2023,La Liga,Athletic Club,Barcelona,Away,0,4,L,Iñigo Martínez,Y,CB,90,0,0,0,0,0,0,0,0,0,1,0
2022-10-30,2022-2023,La Liga,Athletic Club,Villarreal,Home,1,0,W,Iñigo Martínez,Y,CB,90,0,0,0,0,0,0,1,1,1,0,1
2022-11-04,2022-2023,La Liga,Athletic Club,Girona,Away,1,2,L,Iñigo Martínez,Y,CB,90,0,0,0,0,0,0,1,2,0,0,1
2023-03-05,2022-2023,La Liga,Athletic Club,Rayo Vallecano,Away,0,0,D,Iñigo Martínez,Y,CB,90,0,0,0,0,0,0,0,0,0,0,0
2023-03-12,2022-2023,La Liga,Athletic Club,Barcelona,Home,0,1,L,Iñigo Martínez,Y,CB,90,0,0,0,0,0,0,0,1,2,2,2
2023-03-17,2022-2023,La Liga,Athletic Club,Valladolid,Away,3,1,W,Iñigo Martínez,Y,CB,90,1,0,2,1,0,0,1,0,0,1,0
2023-04-08,2022-2023,La Liga,Athletic Club,Espanyol,Away,2,1,W,Iñigo Martínez,Y,CB,78,0,0,0,0,0,0,2,0,0,1,2
2023-04-15,2022-2023,La Liga,Athletic Club,Real Sociedad,Home,2,0,W,Iñigo Martínez,Y,CB,90,0,0,0,0,0,0,1,0,0,0,0
2023-04-22,2022-2023,La Liga,Athletic Club,Almería,Away,2,1,W,Iñigo Martínez,Y,CB,90,0,0,1,0,0,0,1,1,0,1,0
2023-09-03,2023-2024,La Liga,Barcelona,Osasuna,Away,2,1,W,Iñigo Martínez,N,CB,1,0,0,0,0,0,0,0,0,0,0,1
2023-09-16,2023-2024,La Liga,Barcelona,Real Betis,Home,5,0,W,Iñigo Martínez,N,CB,15,0,0,0,0,1,0,1,0,0,0,0
2023-09-26,2023-2024,La Liga,Barcelona,Mallorca,Away,2,2,D,Iñigo Martínez,Y,CB,77,0,0,0,0,0,0,0,1,0,0,0
2023-10-22,2023-2024,La Liga,Barcelona,Athletic Club,Home,1,0,W,Iñigo Martínez,Y,CB,90,0,0,0,0,0,0,2,0,0,1,0
2023-10-28,2023-2024,La Liga,Barcelona,Real Madrid,Home,1,2,L,Iñigo Martínez,Y,CB,90,0,0,1,0,0,0,1,1,0,1,1
2023-11-04,2023-2024,La Liga,Barcelona,Real Sociedad,Away,1,0,W,Iñigo Martínez,Y,CB,90,0,0,0,0,1,0,2,2,0,1,1
2023-11-12,2023-2024,La Liga,Barcelona,Alavés,Home,2,1,W,Iñigo Martínez,Y,CB,90,0,0,0,0,1,0,1,0,0,0,1
2023-11-25,2023-2024,La Liga,Barcelona,Rayo Vallecano,Away,1,1,D,Iñigo Martínez,Y,CB,90,0,0,3,0,0,0,1,1,0,0,3
2024-02-03,2023-2024,La Liga,Barcelona,Alavés,Away,3,1,W,Iñigo Martínez,N,CB,9,0,0,0,0,0,0,0,0,0,0,0
2024-02-11,2023-2024,La Liga,Barcelona,Granada,Home,3,3,D,Iñigo Martínez,Y,CB,90,0,0,1,0,0,0,0,0,1,1,1
2024-02-17,2023-2024,La Liga,Barcelona,Celta Vigo,Away,2,1,W,Iñigo Martínez,N,CB,45,0,0,0,0,1,0,1,0,0,1,0
2024-03-03,2023-2024,La Liga,Barcelona,Athletic Club,Away,0,0,D,Iñigo Martínez,N,CB,15,0,0,0,0,0,0,0,0,0,0,0
2024-03-08,2023-2024,La Liga,Barcelona,Mallorca,Home,1,0,W,Iñigo Martínez,Y,CB,90,0,0,0,0,1,0,2,1,0,0,0
2024-03-17,2023-2024,La Liga,Barcelona,Atlético Madrid,Away,3,0,W,Iñigo Martínez,N,CB,9,0,0,0,0,0,0,0,0,1,0,0
2024-03-30,2023-2024,La Liga,Barcelona,Las Palmas,Home,1,0,W,Iñigo Martínez,Y,CB,90,0,0,0,0,1,0,1,1,0,0,0
2024-04-29,2023-2024,La Liga,Barcelona,Valencia,Home,4,2,W,Iñigo Martínez,N,CB,45,0,0,0,0,0,0,1,1,0,1,1
2024-05-13,2023-2024,La Liga,Barcelona,Real Sociedad,Home,2,0,W,Iñigo Martínez,Y,CB,90,0,0,0,0,0,0,0,0,0,0,1
2024-05-16,2023-2024,La Liga,Barcelona,Almería,Away,2,0,W,Iñigo Martínez,Y,CB,90,0,0,2,1,0,0,1,0,1,0,0
2024-05-19,2023-2024,La Liga,Barcelona,Rayo Vallecano,Home,3,0,W,Iñigo Martínez,Y,CB,90,0,0,1,0,0,0,0,0,0,2,0
2024-05-26,2023-2024,La Liga,Barcelona,Sevilla,Away,2,1,W,Iñigo Martínez,Y,CB,90,0,0,0,0,0,0,0,0,0,1,0
2024-08-17,2024-2025,La Liga,Barcelona,Valencia,Away,2,1,W,Iñigo Martínez,Y,CB,90,0,0,1,0,0,0,4,1,0,0,1
2024-08-24,2024-2025,La Liga,Barcelona,Athletic Club,Home,2,1,W,Iñigo Martínez,Y,CB,90,0,0,0,0,0,0,0,0,0,1,0
2024-08-27,2024-2025,La Liga,Barcelona,Rayo Vallecano,Away,2,1,W,Iñigo Martínez,Y,CB,90,0,0,1,1,0,0,0,1,0,1,0
2024-08-31,2024-2025,La Liga,Barcelona,Valladolid,Home,7,0,W,Iñigo Martínez,Y,CB,90,0,0,1,0,0,0,2,1,0,0,1
2024-09-15,2024-2025,La Liga,Barcelona,Girona,Away,4,1,W,Iñigo Martínez,Y,CB,90,0,0,1,0,0,0,0,0,0,1,0
2024-09-22,2024-2025,La Liga,Barcelona,Villarreal,Away,5,1,W,Iñigo Martínez,Y,CB,80,0,0,0,0,0,0,0,0,0,0,0
2024-09-25,2024-2025,La Liga,Barcelona,Getafe,Home,1,0,W,Iñigo Martínez,Y,CB,90,0,0,0,0,0,0,0,0,0,1,1
2024-10-06,2024-2025,La Liga,Barcelona,Alavés,Away,3,0,W,Iñigo Martínez,Y,CB,80,0,0,0,0,1,0,3,0,0,0,1
2024-10-20,2024-2025,La Liga,Barcelona,Sevilla,Home,5,1,W,Iñigo Martínez,Y,CB,90,0,0,0,0,0,0,0,0,0,0,2
2024-10-26,2024-2025,La Liga,Barcelona,Real Madrid,Away,4,0,W,Iñigo Martínez,Y,CB,90,0,1,1,0,1,0,1,2,0,1,0
2024-11-03,2024-2025,La Liga,Barcelona,Espanyol,Home,3,1,W,Iñigo Martínez,Y,CB,90,0,0,0,0,2,3,0,0,1,2,0
2024-11-10,2024-2025,La Liga,Barcelona,Real Sociedad,Away,0,1,L,Iñigo Martínez,Y,CB,90,0,0,1,0,1,0,0,0,1,0,0
2024-11-23,2024-2025,La Liga,Barcelona,Celta Vigo,Away,2,2,D,Iñigo Martínez,Y,CB,90,0,0,0,0,1,0,0,0,0,0,2
2024-11-30,2024-2025,La Liga,Barcelona,Las Palmas,Home,1,2,L,Iñigo Martínez,Y,CB,90,0,0,1,0,0,2,0,1,1,1,0
2024-12-03,2024-2025,La Liga,Barcelona,Mallorca,Away,5,1,W,Iñigo Martínez,Y,CB,90,0,0,0,0,0,0,0,2,0,0,1
2024-12-07,2024-2025,La Liga,Barcelona,Real Betis,Away,2,2,D,Iñigo Martínez,Y,CB,90,0,0,0,0,0,0,1,0,0,0,0
2024-12-15,2024-2025,La Liga,Barcelona,Leganés,Home,0,1,L,Iñigo Martínez,Y,CB,90,0,0,0,0,0,0,1,0,0,0,4
2024-12-21,2024-2025,La Liga,Barcelona,Atlético Madrid,Home,1,2,L,Iñigo Martínez,Y,CB,90,0,0,2,1,0,0,0,0,1,1,0
2025-02-09,2024-2025,La Liga,Barcelona,Sevilla,Away,4,1,W,Iñigo Martínez,Y,CB,90,0,1,0,0,0,0,1,0,0,1,0
2025-02-17,2024-2025,La Liga,Barcelona,Rayo Vallecano,Home,1,0,W,Iñigo Martínez,Y,CB,90,0,0,0,0,2,2,0,0,1,1,0
2025-03-16,2024-2025,La Liga,Barcelona,Atlético Madrid,Away,4,2,W,Iñigo Martínez,Y,CB,90,0,1,0,0,1,0,1,2,1,2,1
2025-03-27,2024-2025,La Liga,Barcelona,Osasuna,Home,3,0,W,Iñigo Martínez,Y,CB,90,0,0,0,0,1,0,0,0,0,0,0
2025-03-30,2024-2025,La Liga,Barcelona,Girona,Home,4,1,W,Iñigo Martínez,Y,CB,80,0,0,0,0,1,0,1,0,1,0,0
2025-04-12,2024-2025,La Liga,Barcelona,Leganés,Away,1,0,W,Iñigo Martínez,Y,CB,90,0,0,0,0,0,2,1,0,3,1,0
2025-04-19,2024-2025,La Liga,Barcelona,Celta Vigo,Home,4,3,W,Iñigo Martínez,Y,CB,90,0,1,1,0,1,0,1,1,0,1,0
2025-04-22,2024-2025,La Liga,Barcelona,Mallorca,Home,1,0,W,Iñigo Martínez,Y,CB,90,0,0,2,0,0,0,0,0,0,0,0
2025-05-11,2024-2025,La Liga,Barcelona,Real Madrid,Home,4,3,W,Iñigo Martínez,Y,CB,90,0,0,1,0,1,0,1,1,1,0,0
2025-05-18,2024-2025,La Liga,Barcelona,Villarreal,Home,2,3,L,Iñigo Martínez,Y,CB,90,0,0,0,0,2,1,0,1,1,0,0