PLAYER,SEASON,TEAM
Thibaut Courtois,2008-2009,Genk
Thibaut Courtois,2010-2011,Genk
Thibaut Courtois,2011-2012,Atlético Madrid
Thibaut Courtois,2012-2013,Atlético Madrid
Thibaut Courtois,2013-2014,Atlético Madrid
Thibaut Courtois,2014-2015,Chelsea
Thibaut Courtois,2015-2016,Chelsea
Thibaut Courtois,2016-2017,Chelsea
Thibaut Courtois,2017-2018,Chelsea
Thibaut Courtois,2018-2019,Real Madrid
Thibaut Courtois,2019-2020,Real Madrid
Thibaut Courtois,2020-2021,Real Madrid
Thibaut Courtois,2021-2022,Real Madrid
Thibaut Courtois,2022-2023,Real Madrid
Thibaut Courtois,2023-2024,Real Madrid
Thibaut Courtois,2024-2025,Real Madrid
Thibaut Courtois,2025-2026,Real Madrid
Dani Carvajal,2012-2013,Bayer Leverkusen
Dani Carvajal,2013-2014,Real Madrid
Dani Carvajal,2014-2015,Real Madrid
Dani Carvajal,2015-2016,Real Madrid
Dani Carvajal,2016-2017,Real Madrid
Dani Carvajal,2017-2018,Real Madrid
Dani Carvajal,2018-2019,Real Madrid
Dani Carvajal,2019-2020,Real Madrid
Dani Carvajal,2020-2021,Real Madrid
Dani Carvajal,2021-2022,Real Madrid
Dani Carvajal,2022-2023,Real Madrid
Dani Carvajal,2023-2024,Real Madrid
Dani Carvajal,2024-2025,Real Madrid
Dani Carvajal,2025-2026,Real Madrid
Éder Militão,2017-2018,São Paulo
Éder Militão,2018-2019,São Paulo
Éder Militão,2018-2019,Porto
Éder Militão,2019-2020,Real Madrid
Éder Militão,2020-2021,Real Madrid
Éder Militão,2021-2022,Real Madrid
Éder Militão,2022-2023,Real Madrid
Éder Militão,2023-2024,Real Madrid
Éder Militão,2024-2025,Real Madrid
Éder Militão,2025-2026,Real Madrid
Jude Bellingham,2019-2020,Birmingham City
Jude Bellingham,2020-2021,Borussia Dortmund
Jude Bellingham,2021-2022,Borussia Dortmund
Jude Bellingham,2022-2023,Borussia Dortmund
Jude Bellingham,2023-2024,Real Madrid
Jude Bellingham,2024-2025,Real Madrid
Jude Bellingham,2025-2026,Real Madrid
Vinícius Júnior,2017-2018,Flamengo
Vinícius Júnior,2018-2019,Flamengo
Vinícius Júnior,2018-2019,Real Madrid
Vinícius Júnior,2019-2020,Real Madrid
Vinícius Júnior,2020-2021,Real Madrid
Vinícius Júnior,2021-2022,Real Madrid
Vinícius Júnior,2022-2023,Real Madrid
Vinícius Júnior,2023-2024,Real Madrid
Vinícius Júnior,2024-2025,Real Madrid
Vinícius Júnior,2025-2026,Real Madrid
Federico Valverde,2015-2016,Peñarol
Federico Valverde,2017-2018,Deportivo La Coruña
Federico Valverde,2018-2019,Real Madrid
Federico Valverde,2019-2020,Real Madrid
Federico Valverde,2020-2021,Real Madrid
Federico Valverde,2021-2022,Real Madrid
Federico Valverde,2022-2023,Real Madrid
Federico Valverde,2023-2024,Real Madrid
Federico Valverde,2024-2025,Real Madrid
Federico Valverde,2025-2026,Real Madrid
Kylian Mbappé,2015-2016,Monaco
Kylian Mbappé,2016-2017,Monaco
Kylian Mbappé,2017-2018,Monaco
Kylian Mbappé,2017-2018,Paris Saint-Germain
Kylian Mbappé,2018-2019,Paris Saint-Germain
Kylian Mbappé,2019-2020,Paris Saint-Germain
Kylian Mbappé,2020-2021,Paris Saint-Germain
Kylian Mbappé,2021-2022,Paris Saint-Germain
Kylian Mbappé,2022-2023,Paris Saint-Germain
Kylian Mbappé,2023-2024,Paris Saint-Germain
Kylian Mbappé,2024-2025,Real Madrid
Kylian Mbappé,2025-2026,Real Madrid
Rodrygo,2017-2018,Santos
Rodrygo,2018-2019,Santos
Rodrygo,2019-2020,Santos
Rodrygo,2019-2020,Real Madrid
Rodrygo,2020-2021,Real Madrid
Rodrygo,2021-2022,Real Madrid
Rodrygo,2022-2023,Real Madrid
Rodrygo,2023-2024,Real Madrid
Rodrygo,2024-2025,Real Madrid
Rodrygo,2025-2026,Real Madrid
Aurélien Tchouaméni,2017-2018,Bordeaux
Aurélien Tchouaméni,2018-2019,Bordeaux
Aurélien Tchouaméni,2019-2020,Bordeaux
Aurélien Tchouaméni,2019-2020,Monaco
Aurélien Tchouaméni,2020-2021,Monaco
Aurélien Tchouaméni,2021-2022,Monaco
Aurélien Tchouaméni,2022-2023,Real Madrid
Aurélien Tchouaméni,2023-2024,Real Madrid
Aurélien Tchouaméni,2024-2025,Real Madrid
Aurélien Tchouaméni,2025-2026,Real Madrid
Antonio Rüdiger,2011-2012,Stuttgart
Antonio Rüdiger,2011-2012,Stuttgart II
Antonio Rüdiger,2012-2013,Stuttgart II
Antonio Rüdiger,2012-2013,Stuttgart
Antonio Rüdiger,2013-2014,Stuttgart
Antonio Rüdiger,2014-2015,Stuttgart
Antonio Rüdiger,2014-2015,Stuttgart II
Antonio Rüdiger,2015-2016,Roma
Antonio Rüdiger,2016-2017,Roma
Antonio Rüdiger,2017-2018,Chelsea
Antonio Rüdiger,2018-2019,Chelsea
Antonio Rüdiger,2019-2020,Chelsea
Antonio Rüdiger,2019-2020,Chelsea U23 (PL2)
Antonio Rüdiger,2020-2021,Chelsea
Antonio Rüdiger,2021-2022,Chelsea
Antonio Rüdiger,2022-2023,Real Madrid
Antonio Rüdiger,2023-2024,Real Madrid
Antonio Rüdiger,2024-2025,Real Madrid
Antonio Rüdiger,2025-2026,Real Madrid
Ferland Mendy,2014-2015,Le Havre
Ferland Mendy,2015-2016,Le Havre
Ferland Mendy,2016-2017,Le Havre
Ferland Mendy,2017-2018,Lyon
Ferland Mendy,2018-2019,Lyon
Ferland Mendy,2019-2020,Real Madrid
Ferland Mendy,2020-2021,Real Madrid
Ferland Mendy,2021-2022,Real Madrid
Ferland Mendy,2022-2023,Real Madrid
Ferland Mendy,2023-2024,Real Madrid
Ferland Mendy,2024-2025,Real Madrid
Ferland Mendy,2025-2026,Real Madrid
Dominik Greif,2021-2022,Mallorca
Dominik Greif,2022-2023,Mallorca
Dominik Greif,2023-2024,Mallorca
Dominik Greif,2024-2025,Mallorca
Dominik Greif,2025-2026,Lyon
Omar Mascarell,2012-2013,Real Madrid
Omar Mascarell,2012-2013,Real Madrid B
Omar Mascarell,2013-2014,Real Madrid B
Omar Mascarell,2014-2015,Derby County
Omar Mascarell,2015-2016,Sporting Gijón
Omar Mascarell,2016-2017,Eintracht Frankfurt
Omar Mascarell,2017-2018,Eintracht Frankfurt
Omar Mascarell,2018-2019,Schalke 04
Omar Mascarell,2019-2020,Schalke 04
Omar Mascarell,2020-2021,Schalke 04
Omar Mascarell,2021-2022,Elche
Omar Mascarell,2022-2023,Elche
Omar Mascarell,2023-2024,Mallorca
Omar Mascarell,2024-2025,Mallorca
Omar Mascarell,2025-2026,Mallorca
Vedat Muriqi,2016-2017,Gençlerbirliği
Vedat Muriqi,2017-2018,Gençlerbirliği
Vedat Muriqi,2018-2019,Rizespor
Vedat Muriqi,2019-2020,Fenerbahçe
Vedat Muriqi,2020-2021,Lazio
Vedat Muriqi,2021-2022,Lazio
Vedat Muriqi,2021-2022,Mallorca
Vedat Muriqi,2022-2023,Mallorca
Vedat Muriqi,2023-2024,Mallorca
Vedat Muriqi,2024-2025,Mallorca
Vedat Muriqi,2025-2026,Mallorca
Sergi Darder,2013-2014,Málaga
Sergi Darder,2014-2015,Málaga
Sergi Darder,2015-2016,Málaga
Sergi Darder,2015-2016,Lyon
Sergi Darder,2016-2017,Lyon
Sergi Darder,2017-2018,Lyon
Sergi Darder,2017-2018,Espanyol
Sergi Darder,2018-2019,Espanyol
Sergi Darder,2019-2020,Espanyol
Sergi Darder,2020-2021,Espanyol
Sergi Darder,2021-2022,Espanyol
Sergi Darder,2022-2023,Espanyol
Sergi Darder,2023-2024,Mallorca
Sergi Darder,2024-2025,Mallorca
Sergi Darder,2025-2026,Mallorca
Takuma Asano,2014-2015,Sanfrecce Hiroshima
Takuma Asano,2015-2016,Sanfrecce Hiroshima
Takuma Asano,2016-2017,Sanfrecce Hiroshima
Takuma Asano,2016-2017,Stuttgart
Takuma Asano,2017-2018,Stuttgart
Takuma Asano,2018-2019,Hannover 96
Takuma Asano,2019-2020,Partizan
Takuma Asano,2020-2021,Partizan
Takuma Asano,2021-2022,Bochum
Takuma Asano,2022-2023,Bochum
Takuma Asano,2023-2024,Bochum
Takuma Asano,2024-2025,Mallorca
Takuma Asano,2025-2026,Mallorca
Samu Costa,2019-2020,Braga
Samu Costa,2020-2021,Almería
Samu Costa,2021-2022,Almería
Samu Costa,2022-2023,Almería
Samu Costa,2023-2024,Mallorca
Samu Costa,2024-2025,Mallorca
Samu Costa,2025-2026,Mallorca
Dani Rodríguez,2017-2018,Albacete
Dani Rodríguez,2018-2019,Mallorca
Dani Rodríguez,2019-2020,Mallorca
Dani Rodríguez,2020-2021,Mallorca
Dani Rodríguez,2021-2022,Mallorca
Dani Rodríguez,2022-2023,Mallorca
Dani Rodríguez,2023-2024,Mallorca
Dani Rodríguez,2024-2025,Mallorca
Dani Rodríguez,2025-2026,Mallorca
Dani Rodríguez,2025-2026,Leganés
Antonio Raíllo,2015-2016,Espanyol
Antonio Raíllo,2015-2016,Ponferradina
Antonio Raíllo,2016-2017,Mallorca
Antonio Raíllo,2018-2019,Mallorca
Antonio Raíllo,2019-2020,Mallorca
Antonio Raíllo,2020-2021,Mallorca
Antonio Raíllo,2021-2022,Mallorca
Antonio Raíllo,2022-2023,Mallorca
Antonio Raíllo,2023-2024,Mallorca
Antonio Raíllo,2024-2025,Mallorca
Antonio Raíllo,2025-2026,Mallorca
Johan Mojica,2013-2014,Rayo Vallecano
Johan Mojica,2014-2015,Valladolid
Johan Mojica,2015-2016,Valladolid
Johan Mojica,2016-2017,Rayo Vallecano
Johan Mojica,2016-2017,Girona
Johan Mojica,2017-2018,Girona
Johan Mojica,2018-2019,Girona
Johan Mojica,2019-2020,Girona
Johan Mojica,2020-2021,Atalanta
Johan Mojica,2020-2021,Elche
Johan Mojica,2021-2022,Elche
Johan Mojica,2022-2023,Elche
Johan Mojica,2022-2023,Villarreal
Johan Mojica,2023-2024,Osasuna
Johan Mojica,2024-2025,Mallorca
Johan Mojica,2025-2026,Mallorca
Pablo Maffeo,2015-2016,Girona
Pablo Maffeo,2015-2016,Manchester City
Pablo Maffeo,2016-2017,Manchester City
Pablo Maffeo,2016-2017,Manchester City U23 (PL2)
Pablo Maffeo,2016-2017,Girona
Pablo Maffeo,2017-2018,Girona
Pablo Maffeo,2018-2019,Stuttgart
Pablo Maffeo,2019-2020,Girona
Pablo Maffeo,2020-2021,Huesca
Pablo Maffeo,2021-2022,Mallorca
Pablo Maffeo,2022-2023,Mallorca
Pablo Maffeo,2023-2024,Mallorca
Pablo Maffeo,2024-2025,Mallorca
Pablo Maffeo,2025-2026,Mallorca
Martin Valjent,2013-2014,Ternana
Martin Valjent,2014-2015,Ternana
Martin Valjent,2015-2016,Ternana
Martin Valjent,2016-2017,Ternana
Martin Valjent,2017-2018,Ternana
Martin Valjent,2018-2019,Mallorca
Martin Valjent,2019-2020,Mallorca
Martin Valjent,2020-2021,Mallorca
Martin Valjent,2021-2022,Mallorca
Martin Valjent,2022-2023,Mallorca
Martin Valjent,2023-2024,Mallorca
Martin Valjent,2024-2025,Mallorca
Martin Valjent,2025-2026,Mallorca
Arda Güler,2020-2021,Fenerbahçe
Arda Güler,2021-2022,Fenerbahçe
Arda Güler,2022-2023,Fenerbahçe
Arda Güler,2023-2024,Real Madrid
Arda Güler,2024-2025,Real Madrid
Arda Güler,2025-2026,Real Madrid
Fran García,2020-2021,Rayo Vallecano
Fran García,2021-2022,Rayo Vallecano
Fran García,2022-2023,Rayo Vallecano
Fran García,2023-2024,Real Madrid
Fran García,2024-2025,Real Madrid
Fran García,2025-2026,Real Madrid
Karl Jakob Hein,2019-2020,Arsenal
Karl Jakob Hein,2020-2021,Arsenal
Karl Jakob Hein,2021-2022,Arsenal
Karl Jakob Hein,2021-2022,Reading
Karl Jakob Hein,2022-2023,Arsenal
Karl Jakob Hein,2023-2024,Arsenal
Karl Jakob Hein,2024-2025,Valladolid
Karl Jakob Hein,2025-2026,Werder Bremen
Luis Pérez,2016-2017,Elche
Luis Pérez,2017-2018,Tenerife
Luis Pérez,2018-2019,Tenerife
Luis Pérez,2019-2020,Tenerife
Luis Pérez,2020-2021,Valladolid
Luis Pérez,2021-2022,Valladolid
Luis Pérez,2022-2023,Valladolid
Luis Pérez,2023-2024,Valladolid
Luis Pérez,2024-2025,Valladolid
Luis Pérez,2025-2026,Gaziantep FK
Víctor Meseguer,2020-2021,CD Mirandés
Víctor Meseguer,2021-2022,CD Mirandés
Víctor Meseguer,2022-2023,Granada
Víctor Meseguer,2023-2024,Valladolid
Víctor Meseguer,2024-2025,Racing Santander
Víctor Meseguer,2024-2025,Valladolid
Víctor Meseguer,2025-2026,Valladolid
Enzo Boyomo,2019-2020,Blackburn Rovers
Enzo Boyomo,2020-2021,Albacete
Enzo Boyomo,2022-2023,Albacete
Enzo Boyomo,2023-2024,Valladolid
Enzo Boyomo,2024-2025,Valladolid
Enzo Boyomo,2024-2025,Osasuna
Enzo Boyomo,2025-2026,Osasuna
Kike Pérez,2019-2020,Valladolid
Kike Pérez,2020-2021,Valladolid
Kike Pérez,2021-2022,Elche
Kike Pérez,2021-2022,Valladolid
Kike Pérez,2022-2023,Valladolid
Kike Pérez,2023-2024,Rayo Vallecano
Kike Pérez,2024-2025,Valladolid
Kike Pérez,2024-2025,Venezia
Kike Pérez,2025-2026,Venezia
Marcos André,2019-2020,CD Mirandés
Marcos André,2020-2021,Valladolid
Marcos André,2021-2022,Valladolid
Marcos André,2021-2022,Valencia
Marcos André,2022-2023,Valencia
Marcos André,2023-2024,Valladolid
Marcos André,2024-2025,Valladolid
Marcos André,2025-2026,Valladolid
Iván Sánchez,2014-2015,Almería
Iván Sánchez,2015-2016,Almería
Iván Sánchez,2016-2017,Almería
Iván Sánchez,2018-2019,Elche
Iván Sánchez,2019-2020,Elche
Iván Sánchez,2020-2021,Birmingham City
Iván Sánchez,2021-2022,Birmingham City
Iván Sánchez,2021-2022,Valladolid
Iván Sánchez,2022-2023,Valladolid
Iván Sánchez,2023-2024,Valladolid
Iván Sánchez,2024-2025,Valladolid
Iván Sánchez,2025-2026,Sepahan
Eray Cömert,2015-2016,Basel
Eray Cömert,2016-2017,Basel
Eray Cömert,2016-2017,Lugano
Eray Cömert,2017-2018,Sion
Eray Cömert,2018-2019,Basel
Eray Cömert,2019-2020,Basel
Eray Cömert,2020-2021,Basel
Eray Cömert,2021-2022,Basel
Eray Cömert,2021-2022,Valencia
Eray Cömert,2022-2023,Valencia
Eray Cömert,2023-2024,Nantes
Eray Cömert,2024-2025,Valladolid
Eray Cömert,2025-2026,Valencia
Darwin Machís,2012-2013,Granada
Darwin Machís,2012-2013,Vitória Guimarães
Darwin Machís,2013-2014,Hércules
Darwin Machís,2014-2015,Granada
Darwin Machís,2015-2016,Huesca
Darwin Machís,2016-2017,Leganés
Darwin Machís,2017-2018,Granada
Darwin Machís,2018-2019,Udinese
Darwin Machís,2018-2019,Cádiz
Darwin Machís,2019-2020,Granada
Darwin Machís,2020-2021,Granada
Darwin Machís,2021-2022,Granada
Darwin Machís,2022-2023,Valladolid
Darwin Machís,2022-2023,FC Juárez
Darwin Machís,2023-2024,Cádiz
Darwin Machís,2024-2025,Valladolid
Darwin Machís,2025-2026,Universidad Central
Darwin Machís,2026-2027,América de Cali
Stanko Jurić,2018-2019,Hajduk Split
Stanko Jurić,2019-2020,Hajduk Split
Stanko Jurić,2020-2021,Hajduk Split
Stanko Jurić,2021-2022,Parma
Stanko Jurić,2022-2023,Parma
Stanko Jurić,2023-2024,Valladolid
Stanko Jurić,2024-2025,Valladolid
Stanko Jurić,2025-2026,Valladolid
Lucas Oliveira Rosa,2022-2023,Valladolid
Lucas Oliveira Rosa,2023-2024,Valladolid
Lucas Oliveira Rosa,2024-2025,Valladolid
Lucas Oliveira Rosa,2024-2025,Ajax
Lucas Oliveira Rosa,2025-2026,Ajax
Luka Modrić,2007-2008,Dinamo Zagreb
Luka Modrić,2008-2009,Tottenham Hotspur
Luka Modrić,2009-2010,Tottenham Hotspur
Luka Modrić,2010-2011,Tottenham Hotspur
Luka Modrić,2011-2012,Tottenham Hotspur
Luka Modrić,2012-2013,Real Madrid
Luka Modrić,2013-2014,Real Madrid
Luka Modrić,2014-2015,Real Madrid
Luka Modrić,2015-2016,Real Madrid
Luka Modrić,2016-2017,Real Madrid
Luka Modrić,2017-2018,Real Madrid
Luka Modrić,2018-2019,Real Madrid
Luka Modrić,2019-2020,Real Madrid
Luka Modrić,2020-2021,Real Madrid
Luka Modrić,2021-2022,Real Madrid
Luka Modrić,2022-2023,Real Madrid
Luka Modrić,2023-2024,Real Madrid
Luka Modrić,2024-2025,Real Madrid
Luka Modrić,2025-2026,Milan
Lucas Vázquez,2012-2013,Real Madrid B
Lucas Vázquez,2013-2014,Real Madrid B
Lucas Vázquez,2014-2015,Espanyol
Lucas Vázquez,2015-2016,Real Madrid
Lucas Vázquez,2016-2017,Real Madrid
Lucas Vázquez,2017-2018,Real Madrid
Lucas Vázquez,2018-2019,Real Madrid
Lucas Vázquez,2019-2020,Real Madrid
Lucas Vázquez,2020-2021,Real Madrid
Lucas Vázquez,2021-2022,Real Madrid
Lucas Vázquez,2022-2023,Real Madrid
Lucas Vázquez,2023-2024,Real Madrid
Lucas Vázquez,2024-2025,Real Madrid
Lucas Vázquez,2025-2026,Bayer Leverkusen
Brahim Díaz,2016-2017,Manchester City U18
Brahim Díaz,2017-2018,Manchester City U23
Brahim Díaz,2017-2018,Manchester City
Brahim Díaz,2018-2019,Real Madrid
Brahim Díaz,2019-2020,Real Madrid
Brahim Díaz,2020-2021,Milan
Brahim Díaz,2021-2022,Milan
Brahim Díaz,2022-2023,Milan
Brahim Díaz,2023-2024,Real Madrid
Brahim Díaz,2024-2025,Real Madrid
Brahim Díaz,2025-2026,Real Madrid
Jasper Cillessen,2010-2011,NEC Nijmegen
Jasper Cillessen,2011-2012,NEC Nijmegen
Jasper Cillessen,2011-2012,Ajax
Jasper Cillessen,2012-2013,Ajax
Jasper Cillessen,2013-2014,Ajax
Jasper Cillessen,2013-2014,Jong Ajax
Jasper Cillessen,2014-2015,Jong Ajax
Jasper Cillessen,2014-2015,Ajax
Jasper Cillessen,2015-2016,Ajax
Jasper Cillessen,2016-2017,Ajax
Jasper Cillessen,2016-2017,Barcelona
Jasper Cillessen,2017-2018,Barcelona
Jasper Cillessen,2018-2019,Barcelona
Jasper Cillessen,2019-2020,Valencia
Jasper Cillessen,2020-2021,Valencia
Jasper Cillessen,2021-2022,Valencia
Jasper Cillessen,2022-2023,NEC Nijmegen
Jasper Cillessen,2023-2024,NEC Nijmegen
Jasper Cillessen,2024-2025,Las Palmas
Jasper Cillessen,2025-2026,NEC Nijmegen
Marvin,2020-2021,Real Madrid
Marvin,2022-2023,Las Palmas
Marvin,2023-2024,Las Palmas
Marvin,2024-2025,Las Palmas
Marvin,2025-2026,Las Palmas
Mika Mármol,2021-2022,Barcelona
Mika Mármol,2022-2023,Andorra
Mika Mármol,2023-2024,Las Palmas
Mika Mármol,2024-2025,Las Palmas
Mika Mármol,2025-2026,Las Palmas
Álex Suárez,2019-2020,Las Palmas
Álex Suárez,2020-2021,Las Palmas
Álex Suárez,2021-2022,Las Palmas
Álex Suárez,2022-2023,Las Palmas
Álex Suárez,2023-2024,Las Palmas
Álex Suárez,2024-2025,Las Palmas
Álex Suárez,2025-2026,Las Palmas
Javier Muñoz,2014-2015,Real Madrid
Javier Muñoz,2017-2018,Lorca FC
Javier Muñoz,2018-2019,Oviedo
Javier Muñoz,2019-2020,Tenerife
Javier Muñoz,2019-2020,Alavés
Javier Muñoz,2020-2021,CD Mirandés
Javier Muñoz,2021-2022,Eibar
Javier Muñoz,2022-2023,Eibar
Javier Muñoz,2023-2024,Las Palmas
Javier Muñoz,2024-2025,Las Palmas
Javier Muñoz,2025-2026,Getafe
José Campaña,2011-2012,Sevilla
José Campaña,2012-2013,Sevilla
José Campaña,2013-2014,Crystal Palace
José Campaña,2013-2014,Nürnberg
José Campaña,2014-2015,Porto
José Campaña,2014-2015,Sampdoria
José Campaña,2015-2016,Alcorcón
José Campaña,2016-2017,Levante
José Campaña,2017-2018,Levante
José Campaña,2018-2019,Levante
José Campaña,2019-2020,Levante
José Campaña,2020-2021,Levante
José Campaña,2021-2022,Levante
José Campaña,2022-2023,Levante
José Campaña,2023-2024,Las Palmas
José Campaña,2024-2025,Las Palmas
José Campaña,2025-2026,Ceuta
Alberto Moleiro,2020-2021,Las Palmas
Alberto Moleiro,2021-2022,Las Palmas
Alberto Moleiro,2022-2023,Las Palmas
Alberto Moleiro,2023-2024,Las Palmas
Alberto Moleiro,2024-2025,Las Palmas
Alberto Moleiro,2025-2026,Villarreal
Scott McKenna,2014-2015,Aberdeen
Scott McKenna,2015-2016,Aberdeen
Scott McKenna,2015-2016,Alloa Athletic
Scott McKenna,2016-2017,Ayr United
Scott McKenna,2017-2018,Aberdeen
Scott McKenna,2018-2019,Aberdeen
Scott McKenna,2019-2020,Aberdeen
Scott McKenna,2020-2021,Aberdeen
Scott McKenna,2020-2021,Nottingham Forest
Scott McKenna,2021-2022,Nottingham Forest
Scott McKenna,2022-2023,Nottingham Forest
Scott McKenna,2023-2024,Nottingham Forest
Scott McKenna,2023-2024,FC Copenhagen
Scott McKenna,2024-2025,Las Palmas
Scott McKenna,2025-2026,Dinamo Zagreb
Oliver McBurnie,2013-2014,Bradford City
Oliver McBurnie,2014-2015,Bradford City
Oliver McBurnie,2014-2015,Chester
Oliver McBurnie,2015-2016,Bristol Rovers
Oliver McBurnie,2015-2016,Newport County
Oliver McBurnie,2016-2017,Swansea City
Oliver McBurnie,2017-2018,Barnsley
Oliver McBurnie,2017-2018,Swansea City U23
Oliver McBurnie,2017-2018,Swansea City
Oliver McBurnie,2018-2019,Swansea City
Oliver McBurnie,2019-2020,Sheffield United
Oliver McBurnie,2020-2021,Sheffield United
Oliver McBurnie,2021-2022,Sheffield United
Oliver McBurnie,2022-2023,Sheffield United
Oliver McBurnie,2023-2024,Sheffield United
Oliver McBurnie,2024-2025,Las Palmas
Oliver McBurnie,2025-2026,Hull City
Sandro Ramírez,2013-2014,Barcelona B
Sandro Ramírez,2014-2015,Barcelona B
Sandro Ramírez,2014-2015,Barcelona
Sandro Ramírez,2015-2016,Barcelona
Sandro Ramírez,2016-2017,Málaga
Sandro Ramírez,2017-2018,Sevilla
Sandro Ramírez,2017-2018,Everton
Sandro Ramírez,2018-2019,Everton
Sandro Ramírez,2018-2019,Real Sociedad
Sandro Ramírez,2019-2020,Valladolid
Sandro Ramírez,2020-2021,Huesca
Sandro Ramírez,2021-2022,Getafe
Sandro Ramírez,2022-2023,Las Palmas
Sandro Ramírez,2023-2024,Las Palmas
Sandro Ramírez,2024-2025,Las Palmas
Sandro Ramírez,2025-2026,Las Palmas
Kirian Rodríguez,2018-2019,Las Palmas
Kirian Rodríguez,2019-2020,Las Palmas
Kirian Rodríguez,2020-2021,Las Palmas
Kirian Rodríguez,2021-2022,Las Palmas
Kirian Rodríguez,2022-2023,Las Palmas
Kirian Rodríguez,2023-2024,Las Palmas
Kirian Rodríguez,2024-2025,Las Palmas
Kirian Rodríguez,2025-2026,Las Palmas
Dani Ceballos,2013-2014,Real Betis
Dani Ceballos,2014-2015,Real Betis
Dani Ceballos,2015-2016,Real Betis
Dani Ceballos,2016-2017,Real Betis
Dani Ceballos,2017-2018,Real Madrid
Dani Ceballos,2018-2019,Real Madrid
Dani Ceballos,2019-2020,Arsenal
Dani Ceballos,2020-2021,Arsenal
Dani Ceballos,2021-2022,Real Madrid
Dani Ceballos,2022-2023,Real Madrid
Dani Ceballos,2023-2024,Real Madrid
Dani Ceballos,2024-2025,Real Madrid
Dani Ceballos,2025-2026,Real Madrid
Rui Silva,2013-2014,Nacional
Rui Silva,2014-2015,Nacional
Rui Silva,2015-2016,Nacional
Rui Silva,2016-2017,Nacional
Rui Silva,2017-2018,Granada
Rui Silva,2018-2019,Granada
Rui Silva,2019-2020,Granada
Rui Silva,2020-2021,Granada
Rui Silva,2021-2022,Real Betis
Rui Silva,2022-2023,Real Betis
Rui Silva,2023-2024,Real Betis
Rui Silva,2024-2025,Real Betis
Rui Silva,2024-2025,Sporting CP
Rui Silva,2025-2026,Sporting CP
Diego Llorente,2012-2013,Real Madrid
Diego Llorente,2012-2013,Real Madrid B
Diego Llorente,2013-2014,Real Madrid B
Diego Llorente,2013-2014,Real Madrid
Diego Llorente,2014-2015,Real Madrid
Diego Llorente,2015-2016,Rayo Vallecano
Diego Llorente,2016-2017,Málaga
Diego Llorente,2017-2018,Real Sociedad
Diego Llorente,2018-2019,Real Sociedad
Diego Llorente,2019-2020,Real Sociedad
Diego Llorente,2020-2021,Real Sociedad
Diego Llorente,2020-2021,Leeds United U23
Diego Llorente,2020-2021,Leeds United
Diego Llorente,2021-2022,Leeds United
Diego Llorente,2022-2023,Leeds United
Diego Llorente,2022-2023,Roma
Diego Llorente,2023-2024,Roma
Diego Llorente,2024-2025,Real Betis
Diego Llorente,2025-2026,Real Betis
Natan,2020-2021,Flamengo
Natan,2021-2022,RB Bragantino
Natan,2022-2023,RB Bragantino
Natan,2023-2024,RB Bragantino
Natan,2023-2024,Napoli
Natan,2024-2025,Real Betis
Natan,2025-2026,Real Betis
Abde Ezzalzouli,2021-2022,Barcelona
Abde Ezzalzouli,2022-2023,Osasuna
Abde Ezzalzouli,2023-2024,Barcelona
Abde Ezzalzouli,2023-2024,Real Betis
Abde Ezzalzouli,2024-2025,Real Betis
Abde Ezzalzouli,2025-2026,Real Betis
William Carvalho,2010-2011,Sporting CP
William Carvalho,2011-2012,Cercle Brugge
William Carvalho,2012-2013,Cercle Brugge
William Carvalho,2013-2014,Sporting CP
William Carvalho,2014-2015,Sporting CP
William Carvalho,2015-2016,Sporting CP
William Carvalho,2016-2017,Sporting CP
William Carvalho,2017-2018,Sporting CP
William Carvalho,2018-2019,Real Betis
William Carvalho,2019-2020,Real Betis
William Carvalho,2020-2021,Real Betis
William Carvalho,2021-2022,Real Betis
William Carvalho,2022-2023,Real Betis
William Carvalho,2023-2024,Real Betis
William Carvalho,2024-2025,Real Betis
William Carvalho,2025-2026,Pachuca
Romain Perraud,2017-2018,Nice
Romain Perraud,2018-2019,Nice
Romain Perraud,2018-2019,Paris FC
Romain Perraud,2019-2020,Brest
Romain Perraud,2020-2021,Brest
Romain Perraud,2021-2022,Southampton
Romain Perraud,2022-2023,Southampton
Romain Perraud,2023-2024,Southampton
Romain Perraud,2023-2024,Nice
Romain Perraud,2024-2025,Real Betis
Romain Perraud,2025-2026,Lille
Rodri,2019-2020,Real Betis
Rodri,2020-2021,Real Betis
Rodri,2021-2022,Real Betis
Rodri,2022-2023,Real Betis
Rodri,2023-2024,Real Betis
Rodri,2024-2025,Real Betis
Pablo Fornals,2015-2016,Málaga
Pablo Fornals,2016-2017,Málaga
Pablo Fornals,2017-2018,Villarreal
Pablo Fornals,2018-2019,Villarreal
Pablo Fornals,2019-2020,West Ham United
Pablo Fornals,2020-2021,West Ham United
Pablo Fornals,2021-2022,West Ham United
Pablo Fornals,2022-2023,West Ham United
Pablo Fornals,2023-2024,West Ham United
Pablo Fornals,2023-2024,Real Betis
Pablo Fornals,2024-2025,Real Betis
Pablo Fornals,2025-2026,Real Betis
Marc Roca,2016-2017,Espanyol
Marc Roca,2017-2018,Espanyol
Marc Roca,2018-2019,Espanyol
Marc Roca,2019-2020,Espanyol
Marc Roca,2020-2021,Espanyol
Marc Roca,2020-2021,Bayern Munich
Marc Roca,2021-2022,Bayern Munich
Marc Roca,2022-2023,Leeds United
Marc Roca,2023-2024,Real Betis
Marc Roca,2024-2025,Real Betis
Marc Roca,2025-2026,Real Betis
Youssouf Sabaly,2013-2014,Evian
Youssouf Sabaly,2014-2015,Evian
Youssouf Sabaly,2015-2016,Nantes
Youssouf Sabaly,2015-2016,Paris Saint-Germain
Youssouf Sabaly,2016-2017,Bordeaux
Youssouf Sabaly,2017-2018,Bordeaux
Youssouf Sabaly,2018-2019,Bordeaux
Youssouf Sabaly,2019-2020,Bordeaux
Youssouf Sabaly,2020-2021,Bordeaux
Youssouf Sabaly,2021-2022,Real Betis
Youssouf Sabaly,2022-2023,Real Betis
Youssouf Sabaly,2023-2024,Real Betis
Youssouf Sabaly,2024-2025,Real Betis
Aitor Ruibal,2017-2018,Real Betis
Aitor Ruibal,2018-2019,Rayo Majadahonda
Aitor Ruibal,2019-2020,Leganés
Aitor Ruibal,2020-2021,Real Betis
Aitor Ruibal,2021-2022,Real Betis
Aitor Ruibal,2022-2023,Real Betis
Aitor Ruibal,2023-2024,Real Betis
Aitor Ruibal,2024-2025,Real Betis
Aitor Ruibal,2025-2026,Real Betis
Álex Remiro,2015-2016,Bilbao B
Álex Remiro,2016-2017,Levante
Álex Remiro,2017-2018,Huesca
Álex Remiro,2019-2020,Real Sociedad
Álex Remiro,2020-2021,Real Sociedad
Álex Remiro,2021-2022,Real Sociedad
Álex Remiro,2022-2023,Real Sociedad
Álex Remiro,2023-2024,Real Sociedad
Álex Remiro,2024-2025,Real Sociedad
Álex Remiro,2025-2026,Real Sociedad
Martín Zubimendi,2018-2019,Real Sociedad
Martín Zubimendi,2019-2020,Real Sociedad
Martín Zubimendi,2020-2021,Real Sociedad
Martín Zubimendi,2021-2022,Real Sociedad
Martín Zubimendi,2022-2023,Real Sociedad
Martín Zubimendi,2023-2024,Real Sociedad
Martín Zubimendi,2024-2025,Real Sociedad
Martín Zubimendi,2025-2026,Arsenal
Igor Zubeldia,2015-2016,Real Sociedad
Igor Zubeldia,2016-2017,Real Sociedad
Igor Zubeldia,2017-2018,Real Sociedad
Igor Zubeldia,2018-2019,Real Sociedad
Igor Zubeldia,2019-2020,Real Sociedad
Igor Zubeldia,2020-2021,Real Sociedad
Igor Zubeldia,2021-2022,Real Sociedad
Igor Zubeldia,2022-2023,Real Sociedad
Igor Zubeldia,2023-2024,Real Sociedad
Igor Zubeldia,2024-2025,Real Sociedad
Igor Zubeldia,2025-2026,Real Sociedad
Sheraldo Becker,2013-2014,Jong Ajax
Sheraldo Becker,2014-2015,Jong Ajax
Sheraldo Becker,2014-2015,Zwolle
Sheraldo Becker,2015-2016,Zwolle
Sheraldo Becker,2016-2017,ADO Den Haag
Sheraldo Becker,2017-2018,ADO Den Haag
Sheraldo Becker,2018-2019,ADO Den Haag
Sheraldo Becker,2019-2020,Union Berlin
Sheraldo Becker,2020-2021,Union Berlin
Sheraldo Becker,2021-2022,Union Berlin
Sheraldo Becker,2022-2023,Union Berlin
Sheraldo Becker,2023-2024,Union Berlin
Sheraldo Becker,2023-2024,Real Sociedad
Sheraldo Becker,2024-2025,Real Sociedad
Sheraldo Becker,2025-2026,Osasuna
Sheraldo Becker,2025-2026,Mainz 05
Javi López,2019-2020,Alavés
Javi López,2020-2021,Alavés
Javi López,2021-2022,Alavés
Javi López,2022-2023,Alavés
Javi López,2023-2024,Alavés
Javi López,2024-2025,Real Sociedad
Javi López,2025-2026,Oviedo
Takefusa Kubo,2017-2018,FC Tokyo
Takefusa Kubo,2018-2019,Yokohama F. Marinos
Takefusa Kubo,2018-2019,FC Tokyo
Takefusa Kubo,2019-2020,FC Tokyo
Takefusa Kubo,2019-2020,Mallorca
Takefusa Kubo,2020-2021,Villarreal
Takefusa Kubo,2020-2021,Getafe
Takefusa Kubo,2021-2022,Mallorca
Takefusa Kubo,2022-2023,Real Sociedad
Takefusa Kubo,2023-2024,Real Sociedad
Takefusa Kubo,2024-2025,Real Sociedad
Takefusa Kubo,2025-2026,Real Sociedad
Sergio Gómez,2017-2018,Dortmund
Sergio Gómez,2017-2018,Barcelona B
Sergio Gómez,2017-2018,Dortmund
Sergio Gómez,2018-2019,Dortmund
Sergio Gómez,2019-2020,Huesca
Sergio Gómez,2020-2021,Huesca
Sergio Gómez,2021-2022,Anderlecht
Sergio Gómez,2022-2023,Anderlecht
Sergio Gómez,2022-2023,Manchester City
Sergio Gómez,2023-2024,Manchester City
Sergio Gómez,2024-2025,Real Sociedad
Sergio Gómez,2025-2026,Real Sociedad
Umar Sadiq,2014-2015,Spezia
Umar Sadiq,2015-2016,Roma
Umar Sadiq,2016-2017,Roma
Umar Sadiq,2016-2017,Bologna
Umar Sadiq,2017-2018,Torino
Umar Sadiq,2017-2018,NAC Breda
Umar Sadiq,2018-2019,Perugia
Umar Sadiq,2018-2019,Rangers
Umar Sadiq,2019-2020,Partizan
Umar Sadiq,2020-2021,Partizan
Umar Sadiq,2020-2021,Almería
Umar Sadiq,2021-2022,Almería
Umar Sadiq,2022-2023,Almería
Umar Sadiq,2022-2023,Real Sociedad
Umar Sadiq,2023-2024,Real Sociedad
Umar Sadiq,2024-2025,Valencia
Umar Sadiq,2024-2025,Real Sociedad
Umar Sadiq,2025-2026,Valencia
Umar Sadiq,2025-2026,Real Sociedad
Nayef Aguerd,2018-2019,Dijon
Nayef Aguerd,2019-2020,Dijon
Nayef Aguerd,2020-2021,Rennes
Nayef Aguerd,2021-2022,Rennes
Nayef Aguerd,2022-2023,West Ham United
Nayef Aguerd,2023-2024,West Ham United
Nayef Aguerd,2024-2025,Real Sociedad
Nayef Aguerd,2025-2026,Marseille
Nayef Aguerd,2025-2026,West Ham United
Luka Sučić,2020-2021,RB Salzburg
Luka Sučić,2021-2022,RB Salzburg
Luka Sučić,2022-2023,RB Salzburg
Luka Sučić,2023-2024,RB Salzburg
Luka Sučić,2024-2025,Real Sociedad
Luka Sučić,2025-2026,Real Sociedad
Jon Aramburu,2020-2021,Dep. La Guaira
Jon Aramburu,2021-2022,Dep. La Guaira
Jon Aramburu,2022-2023,Dep. La Guaira
Jon Aramburu,2023-2024,Real Sociedad
Jon Aramburu,2024-2025,Real Sociedad
Jon Aramburu,2025-2026,Real Sociedad
Joan García,2021-2022,Espanyol
Joan García,2022-2023,Espanyol
Joan García,2023-2024,Espanyol
Joan García,2024-2025,Espanyol
Joan García,2025-2026,Barcelona
Marash Kumbulla,2017-2018,Hellas Verona
Marash Kumbulla,2018-2019,Hellas Verona
Marash Kumbulla,2019-2020,Hellas Verona
Marash Kumbulla,2020-2021,Roma
Marash Kumbulla,2021-2022,Roma
Marash Kumbulla,2022-2023,Roma
Marash Kumbulla,2023-2024,Sassuolo
Marash Kumbulla,2024-2025,Espanyol
Marash Kumbulla,2025-2026,Mallorca
Leandro Cabrera,2009-2010,Atlético Madrid
Leandro Cabrera,2010-2011,Recreativo
Leandro Cabrera,2011-2012,Numancia
Leandro Cabrera,2012-2013,Hércules
Leandro Cabrera,2013-2014,Real Madrid B
Leandro Cabrera,2014-2015,Zaragoza
Leandro Cabrera,2015-2016,Zaragoza
Leandro Cabrera,2016-2017,Zaragoza
Leandro Cabrera,2017-2018,Crotone
Leandro Cabrera,2017-2018,Getafe
Leandro Cabrera,2018-2019,Getafe
Leandro Cabrera,2019-2020,Getafe
Leandro Cabrera,2019-2020,Espanyol
Leandro Cabrera,2020-2021,Espanyol
Leandro Cabrera,2021-2022,Espanyol
Leandro Cabrera,2022-2023,Espanyol
Leandro Cabrera,2023-2024,Espanyol
Leandro Cabrera,2024-2025,Espanyol
Leandro Cabrera,2025-2026,Espanyol
Javi Puado,2018-2019,Espanyol
Javi Puado,2019-2020,Zaragoza
Javi Puado,2019-2020,Espanyol
Javi Puado,2020-2021,Espanyol
Javi Puado,2021-2022,Espanyol
Javi Puado,2022-2023,Espanyol
Javi Puado,2023-2024,Espanyol
Javi Puado,2024-2025,Espanyol
Javi Puado,2025-2026,Espanyol
Pol Lozano,2019-2020,Espanyol
Pol Lozano,2020-2021,Espanyol
Pol Lozano,2021-2022,Girona
Pol Lozano,2022-2023,Granada
Pol Lozano,2022-2023,Espanyol
Pol Lozano,2023-2024,Espanyol
Pol Lozano,2024-2025,Espanyol
Pol Lozano,2025-2026,Espanyol
Álvaro Tejero,2015-2016,Real Madrid
Álvaro Tejero,2016-2017,Real Madrid
Álvaro Tejero,2017-2018,Real Madrid
Álvaro Tejero,2018-2019,Albacete
Álvaro Tejero,2019-2020,Eibar
Álvaro Tejero,2020-2021,Zaragoza
Álvaro Tejero,2020-2021,Eibar
Álvaro Tejero,2021-2022,Eibar
Álvaro Tejero,2022-2023,Eibar
Álvaro Tejero,2023-2024,Eibar
Álvaro Tejero,2024-2025,Espanyol
Álvaro Tejero,2025-2026,Aris
Walid Cheddira,2022-2023,Bari
Walid Cheddira,2023-2024,Frosinone
Walid Cheddira,2024-2025,Espanyol
Walid Cheddira,2024-2025,Napoli
Walid Cheddira,2025-2026,Napoli
Walid Cheddira,2025-2026,Sassuolo
Walid Cheddira,2025-2026,Lecce
Jofre,2020-2021,Espanyol
Jofre,2021-2022,Espanyol
Jofre,2022-2023,CD Mirandés
Jofre,2023-2024,Espanyol
Jofre,2024-2025,Espanyol
Jofre,2025-2026,Espanyol
Alex Král,2016-2017,Teplice
Alex Král,2017-2018,Teplice
Alex Král,2018-2019,Teplice
Alex Král,2018-2019,Slavia Prague
Alex Král,2019-2020,Slavia Prague
Alex Král,2019-2020,Spartak Moscow
Alex Král,2020-2021,Spartak Moscow
Alex Král,2021-2022,Spartak Moscow
Alex Král,2021-2022,West Ham United
Alex Král,2022-2023,Schalke 04
Alex Král,2023-2024,Union Berlin
Alex Král,2024-2025,Espanyol
Alex Král,2025-2026,Union Berlin
Carlos Romero,2022-2023,Villarreal
Carlos Romero,2022-2023,Villarreal B
Carlos Romero,2023-2024,Villarreal
Carlos Romero,2023-2024,Villarreal B
Carlos Romero,2024-2025,Espanyol
Carlos Romero,2025-2026,Espanyol
Omar El Hilali,2020-2021,Espanyol
Omar El Hilali,2022-2023,Espanyol
Omar El Hilali,2023-2024,Espanyol
Omar El Hilali,2024-2025,Espanyol
Omar El Hilali,2025-2026,Espanyol
Antonio Sivera,2017-2018,Alavés
Antonio Sivera,2018-2019,Alavés
Antonio Sivera,2019-2020,Almería
Antonio Sivera,2019-2020,Alavés
Antonio Sivera,2020-2021,Alavés
Antonio Sivera,2021-2022,Alavés
Antonio Sivera,2022-2023,Alavés
Antonio Sivera,2023-2024,Alavés
Antonio Sivera,2024-2025,Alavés
Antonio Sivera,2025-2026,Alavés
Manu Sánchez,2018-2019,Atlético Madrid
Manu Sánchez,2019-2020,Atlético Madrid
Manu Sánchez,2020-2021,Atlético Madrid
Manu Sánchez,2020-2021,Osasuna
Manu Sánchez,2021-2022,Osasuna
Manu Sánchez,2022-2023,Osasuna
Manu Sánchez,2023-2024,Celta Vigo
Manu Sánchez,2024-2025,Alavés
Manu Sánchez,2025-2026,Levante
Abdel Abqar,2018-2019,Málaga
Abdel Abqar,2020-2021,Alavés
Abdel Abqar,2021-2022,Alavés
Abdel Abqar,2022-2023,Alavés
Abdel Abqar,2023-2024,Alavés
Abdel Abqar,2024-2025,Alavés
Abdel Abqar,2025-2026,Getafe
Antonio Blanco,2020-2021,Real Madrid
Antonio Blanco,2021-2022,Real Madrid
Antonio Blanco,2022-2023,Cádiz
Antonio Blanco,2022-2023,Alavés
Antonio Blanco,2023-2024,Alavés
Antonio Blanco,2024-2025,Alavés
Antonio Blanco,2025-2026,Alavés
Asier Villalibre,2015-2016,Bilbao B
Asier Villalibre,2016-2017,Athletic Club
Asier Villalibre,2016-2017,Numancia
Asier Villalibre,2017-2018,Lorca FC
Asier Villalibre,2017-2018,Valladolid
Asier Villalibre,2019-2020,Athletic Club
Asier Villalibre,2020-2021,Athletic Club
Asier Villalibre,2021-2022,Athletic Club
Asier Villalibre,2022-2023,Alavés
Asier Villalibre,2022-2023,Athletic Club
Asier Villalibre,2023-2024,Athletic Club
Asier Villalibre,2024-2025,Alavés
Asier Villalibre,2025-2026,Racing Santander
Tomás Conechny,2016-2017,San Lorenzo
Tomás Conechny,2017-2018,San Lorenzo
Tomás Conechny,2018-2019,Portland Timbers
Tomás Conechny,2018-2019,Timbers 2
Tomás Conechny,2019-2020,Portland Timbers
Tomás Conechny,2019-2020,Timbers 2
Tomás Conechny,2020-2021,Portland Timbers
Tomás Conechny,2020-2021,Timbers 2
Tomás Conechny,2021-2022,Maldonado
Tomás Conechny,2023-2024,Godoy Cruz
Tomás Conechny,2024-2025,Godoy Cruz
Tomás Conechny,2024-2025,Alavés
Tomás Conechny,2025-2026,Racing Club
Tomás Conechny,2026-2027,Racing Club
Santiago Mouriño,2023-2024,Racing
Santiago Mouriño,2023-2024,Zaragoza
Santiago Mouriño,2024-2025,Alavés
Santiago Mouriño,2025-2026,Villarreal
Hugo Novoa,2019-2020,RB Leipzig
Hugo Novoa,2020-2021,RB Leipzig
Hugo Novoa,2020-2021,RB Leipzig (U19)
Hugo Novoa,2021-2022,RB Leipzig (U19)
Hugo Novoa,2021-2022,RB Leipzig
Hugo Novoa,2022-2023,Basel
Hugo Novoa,2022-2023,RB Leipzig
Hugo Novoa,2023-2024,RB Leipzig
Hugo Novoa,2023-2024,Utrecht
Hugo Novoa,2023-2024,Villarreal B
Hugo Novoa,2024-2025,Alavés
Hugo Novoa,2025-2026,CD Mirandés
Luka Romero,2019-2020,Mallorca
Luka Romero,2020-2021,Mallorca
Luka Romero,2021-2022,Lazio
Luka Romero,2022-2023,Lazio
Luka Romero,2023-2024,Almería
Luka Romero,2023-2024,Milan
Luka Romero,2024-2025,Alavés
Luka Romero,2024-2025,Cruz Azul
Luka Romero,2025-2026,Cruz Azul
Moussa Diarra,2018-2019,Toulouse
Moussa Diarra,2019-2020,Toulouse
Moussa Diarra,2020-2021,Toulouse
Moussa Diarra,2021-2022,Toulouse
Moussa Diarra,2022-2023,Toulouse
Moussa Diarra,2023-2024,Toulouse
Moussa Diarra,2024-2025,Alavés
Moussa Diarra,2025-2026,Alavés
Moussa Diarra,2025-2026,Anderlecht
Carlos Benavídez,2015-2016,Defensor Sporting
Carlos Benavídez,2016-2017,Defensor Sporting
Carlos Benavídez,2017-2018,Defensor Sporting
Carlos Benavídez,2018-2019,Defensor Sporting
Carlos Benavídez,2018-2019,Independiente
Carlos Benavídez,2019-2020,Independiente
Carlos Benavídez,2021-2022,Independiente
Carlos Benavídez,2022-2023,Alavés
Carlos Benavídez,2023-2024,Alavés
Carlos Benavídez,2024-2025,Alavés
Carlos Benavídez,2025-2026,Alavés
Jan Oblak,2011-2012,União de Leiria
Jan Oblak,2012-2013,Rio Ave
Jan Oblak,2013-2014,Benfica
Jan Oblak,2014-2015,Atlético Madrid
Jan Oblak,2015-2016,Atlético Madrid
Jan Oblak,2016-2017,Atlético Madrid
Jan Oblak,2017-2018,Atlético Madrid
Jan Oblak,2018-2019,Atlético Madrid
Jan Oblak,2019-2020,Atlético Madrid
Jan Oblak,2020-2021,Atlético Madrid
Jan Oblak,2021-2022,Atlético Madrid
Jan Oblak,2022-2023,Atlético Madrid
Jan Oblak,2023-2024,Atlético Madrid
Jan Oblak,2024-2025,Atlético Madrid
Jan Oblak,2025-2026,Atlético Madrid
José María Giménez,2013-2014,Atlético Madrid
José María Giménez,2014-2015,Atlético Madrid
José María Giménez,2015-2016,Atlético Madrid
José María Giménez,2016-2017,Atlético Madrid
José María Giménez,2017-2018,Atlético Madrid
José María Giménez,2018-2019,Atlético Madrid
José María Giménez,2019-2020,Atlético Madrid
José María Giménez,2020-2021,Atlético Madrid
José María Giménez,2021-2022,Atlético Madrid
José María Giménez,2022-2023,Atlético Madrid
José María Giménez,2023-2024,Atlético Madrid
José María Giménez,2024-2025,Atlético Madrid
José María Giménez,2025-2026,Atlético Madrid
Conor Gallagher,2016-2017,Chelsea
Conor Gallagher,2017-2018,Chelsea
Conor Gallagher,2018-2019,Chelsea
Conor Gallagher,2019-2020,Charlton Athletic
Conor Gallagher,2019-2020,Swansea City
Conor Gallagher,2020-2021,West Bromwich Albion
Conor Gallagher,2021-2022,Crystal Palace
Conor Gallagher,2022-2023,Chelsea
Conor Gallagher,2023-2024,Chelsea
Conor Gallagher,2024-2025,Atlético Madrid
Conor Gallagher,2025-2026,Atlético Madrid
Conor Gallagher,2025-2026,Tottenham Hotspur
Rodrigo De Paul,2014-2015,Valencia
Rodrigo De Paul,2015-2016,Valencia
Rodrigo De Paul,2016-2017,Racing Club
Rodrigo De Paul,2016-2017,Udinese
Rodrigo De Paul,2017-2018,Udinese
Rodrigo De Paul,2018-2019,Udinese
Rodrigo De Paul,2019-2020,Udinese
Rodrigo De Paul,2020-2021,Udinese
Rodrigo De Paul,2021-2022,Atlético Madrid
Rodrigo De Paul,2022-2023,Atlético Madrid
Rodrigo De Paul,2023-2024,Atlético Madrid
Rodrigo De Paul,2024-2025,Atlético Madrid
Rodrigo De Paul,2025-2026,Inter Miami
Rodrigo De Paul,2026-2027,Inter Miami
Antoine Griezmann,2009-2010,Real Sociedad
Antoine Griezmann,2010-2011,Real Sociedad
Antoine Griezmann,2011-2012,Real Sociedad
Antoine Griezmann,2012-2013,Real Sociedad
Antoine Griezmann,2013-2014,Real Sociedad
Antoine Griezmann,2014-2015,Atlético Madrid
Antoine Griezmann,2015-2016,Atlético Madrid
Antoine Griezmann,2016-2017,Atlético Madrid
Antoine Griezmann,2017-2018,Atlético Madrid
Antoine Griezmann,2018-2019,Atlético Madrid
Antoine Griezmann,2019-2020,Barcelona
Antoine Griezmann,2020-2021,Barcelona
Antoine Griezmann,2021-2022,Barcelona
Antoine Griezmann,2021-2022,Atlético Madrid
Antoine Griezmann,2022-2023,Atlético Madrid
Antoine Griezmann,2023-2024,Atlético Madrid
Antoine Griezmann,2024-2025,Atlético Madrid
Antoine Griezmann,2025-2026,Atlético Madrid
Alexander Sørloth,2014-2015,Rosenborg
Alexander Sørloth,2015-2016,Bodø/Glimt
Alexander Sørloth,2015-2016,Groningen
Alexander Sørloth,2016-2017,Groningen
Alexander Sørloth,2017-2018,Midtjylland
Alexander Sørloth,2017-2018,Crystal Palace
Alexander Sørloth,2018-2019,Crystal Palace
Alexander Sørloth,2018-2019,Gent
Alexander Sørloth,2019-2020,Trabzonspor
Alexander Sørloth,2020-2021,RB Leipzig
Alexander Sørloth,2021-2022,Real Sociedad
Alexander Sørloth,2022-2023,Real Sociedad
Alexander Sørloth,2022-2023,RB Leipzig
Alexander Sørloth,2023-2024,Villarreal
Alexander Sørloth,2024-2025,Atlético Madrid
Alexander Sørloth,2025-2026,Atlético Madrid
Marcos Llorente,2015-2016,Real Madrid
Marcos Llorente,2016-2017,Alavés
Marcos Llorente,2017-2018,Real Madrid
Marcos Llorente,2018-2019,Real Madrid
Marcos Llorente,2019-2020,Atlético Madrid
Marcos Llorente,2020-2021,Atlético Madrid
Marcos Llorente,2021-2022,Atlético Madrid
Marcos Llorente,2022-2023,Atlético Madrid
Marcos Llorente,2023-2024,Atlético Madrid
Marcos Llorente,2024-2025,Atlético Madrid
Marcos Llorente,2025-2026,Atlético Madrid
Nahuel Molina,2016-2017,Boca Juniors
Nahuel Molina,2017-2018,Boca Juniors
Nahuel Molina,2017-2018,Defensa y Justicia
Nahuel Molina,2018-2019,Defensa y Justicia
Nahuel Molina,2018-2019,Rosario Central
Nahuel Molina,2019-2020,Rosario Central
Nahuel Molina,2020-2021,Udinese
Nahuel Molina,2021-2022,Udinese
Nahuel Molina,2022-2023,Atlético Madrid
Nahuel Molina,2023-2024,Atlético Madrid
Nahuel Molina,2024-2025,Atlético Madrid
Nahuel Molina,2025-2026,Atlético Madrid
Julián Álvarez,2018-2019,River Plate
Julián Álvarez,2019-2020,River Plate
Julián Álvarez,2021-2022,River Plate
Julián Álvarez,2022-2023,River Plate
Julián Álvarez,2022-2023,Manchester City
Julián Álvarez,2023-2024,Manchester City
Julián Álvarez,2024-2025,Atlético Madrid
Julián Álvarez,2025-2026,Atlético Madrid
Reinildo Mandava,2018-2019,B-SAD
Reinildo Mandava,2018-2019,Lille
Reinildo Mandava,2019-2020,Lille
Reinildo Mandava,2020-2021,Lille
Reinildo Mandava,2021-2022,Lille
Reinildo Mandava,2021-2022,Atlético Madrid
Reinildo Mandava,2022-2023,Atlético Madrid
Reinildo Mandava,2023-2024,Atlético Madrid
Reinildo Mandava,2024-2025,Atlético Madrid
Reinildo Mandava,2025-2026,Sunderland
Robin Le Normand,2015-2016,Brest
Robin Le Normand,2018-2019,Real Sociedad
Robin Le Normand,2019-2020,Real Sociedad
Robin Le Normand,2020-2021,Real Sociedad
Robin Le Normand,2021-2022,Real Sociedad
Robin Le Normand,2022-2023,Real Sociedad
Robin Le Normand,2023-2024,Real Sociedad
Robin Le Normand,2024-2025,Atlético Madrid
Robin Le Normand,2025-2026,Atlético Madrid
Andriy Lunin,2016-2017,FC Dnipro
Andriy Lunin,2017-2018,Zorya Luhansk
Andriy Lunin,2018-2019,Leganés
Andriy Lunin,2019-2020,Oviedo
Andriy Lunin,2021-2022,Real Madrid
Andriy Lunin,2022-2023,Real Madrid
Andriy Lunin,2023-2024,Real Madrid
Andriy Lunin,2024-2025,Real Madrid
Andriy Lunin,2025-2026,Real Madrid
Diego Conde,2020-2021,Leganés
Diego Conde,2021-2022,Getafe
Diego Conde,2022-2023,Leganés
Diego Conde,2023-2024,Leganés
Diego Conde,2024-2025,Villarreal
Logan Costa,2017-2018,Reims
Logan Costa,2019-2020,Reims
Logan Costa,2021-2022,Toulouse
Logan Costa,2022-2023,Toulouse
Logan Costa,2023-2024,Toulouse
Logan Costa,2024-2025,Toulouse
Logan Costa,2024-2025,Villarreal
Logan Costa,2025-2026,Villarreal
Raúl Albiol,2004-2005,Getafe
Raúl Albiol,2005-2006,Valencia
Raúl Albiol,2006-2007,Valencia
Raúl Albiol,2007-2008,Valencia
Raúl Albiol,2008-2009,Valencia
Raúl Albiol,2009-2010,Real Madrid
Raúl Albiol,2010-2011,Real Madrid
Raúl Albiol,2011-2012,Real Madrid
Raúl Albiol,2012-2013,Real Madrid
Raúl Albiol,2013-2014,Napoli
Raúl Albiol,2014-2015,Napoli
Raúl Albiol,2015-2016,Napoli
Raúl Albiol,2016-2017,Napoli
Raúl Albiol,2017-2018,Napoli
Raúl Albiol,2018-2019,Napoli
Raúl Albiol,2019-2020,Villarreal
Raúl Albiol,2020-2021,Villarreal
Raúl Albiol,2021-2022,Villarreal
Raúl Albiol,2022-2023,Villarreal
Raúl Albiol,2023-2024,Villarreal
Raúl Albiol,2024-2025,Villarreal
Raúl Albiol,2025-2026,Pisa
Daniel Parejo,2006-2007,Real Madrid B
Daniel Parejo,2008-2009,Real Madrid
Daniel Parejo,2008-2009,Queens Park Rangers (QPR)
Daniel Parejo,2009-2010,Getafe
Daniel Parejo,2010-2011,Getafe
Daniel Parejo,2011-2012,Valencia
Daniel Parejo,2012-2013,Valencia
Daniel Parejo,2013-2014,Valencia
Daniel Parejo,2014-2015,Valencia
Daniel Parejo,2015-2016,Valencia
Daniel Parejo,2016-2017,Valencia
Daniel Parejo,2017-2018,Valencia
Daniel Parejo,2018-2019,Valencia
Daniel Parejo,2019-2020,Valencia
Daniel Parejo,2020-2021,Villarreal
Daniel Parejo,2021-2022,Villarreal
Daniel Parejo,2022-2023,Villarreal
Daniel Parejo,2023-2024,Villarreal
Daniel Parejo,2024-2025,Villarreal
Daniel Parejo,2025-2026,Villarreal
Santi Comesaña,2016-2017,Rayo Vallecano
Santi Comesaña,2017-2018,Rayo Vallecano
Santi Comesaña,2018-2019,Rayo Vallecano
Santi Comesaña,2019-2020,Rayo Vallecano
Santi Comesaña,2020-2021,Rayo Vallecano
Santi Comesaña,2021-2022,Rayo Vallecano
Santi Comesaña,2022-2023,Rayo Vallecano
Santi Comesaña,2023-2024,Villarreal
Santi Comesaña,2024-2025,Villarreal
Santi Comesaña,2025-2026,Villarreal
Thierno Barry,2022-2023,Beveren
Thierno Barry,2023-2024,Basel
Thierno Barry,2024-2025,Basel
Thierno Barry,2024-2025,Villarreal
Thierno Barry,2025-2026,Everton
Álex Baena,2019-2020,Villarreal
Álex Baena,2020-2021,Villarreal
Álex Baena,2021-2022,Girona
Álex Baena,2022-2023,Villarreal
Álex Baena,2023-2024,Villarreal
Álex Baena,2024-2025,Villarreal
Álex Baena,2025-2026,Atlético Madrid
Kiko Femenía,2008-2009,Hércules
Kiko Femenía,2009-2010,Hércules
Kiko Femenía,2010-2011,Hércules
Kiko Femenía,2011-2012,Barcelona B
Kiko Femenía,2012-2013,Barcelona B
Kiko Femenía,2013-2014,Real Madrid B
Kiko Femenía,2014-2015,Alcorcón
Kiko Femenía,2015-2016,Alavés
Kiko Femenía,2016-2017,Alavés
Kiko Femenía,2017-2018,Watford
Kiko Femenía,2018-2019,Watford
Kiko Femenía,2019-2020,Watford
Kiko Femenía,2020-2021,Watford
Kiko Femenía,2021-2022,Watford
Kiko Femenía,2022-2023,Villarreal
Kiko Femenía,2023-2024,Villarreal
Kiko Femenía,2024-2025,Villarreal
Kiko Femenía,2025-2026,Getafe
Pape Gueye,2016-2017,Le Havre
Pape Gueye,2017-2018,Le Havre
Pape Gueye,2018-2019,Le Havre
Pape Gueye,2019-2020,Le Havre
Pape Gueye,2020-2021,Marseille
Pape Gueye,2021-2022,Marseille
Pape Gueye,2022-2023,Sevilla
Pape Gueye,2022-2023,Marseille
Pape Gueye,2023-2024,Marseille
Pape Gueye,2024-2025,Villarreal
Pape Gueye,2025-2026,Villarreal
Nicolas Pépé,2014-2015,Angers
Nicolas Pépé,2016-2017,Angers
Nicolas Pépé,2017-2018,Lille
Nicolas Pépé,2018-2019,Lille
Nicolas Pépé,2019-2020,Arsenal
Nicolas Pépé,2020-2021,Arsenal
Nicolas Pépé,2021-2022,Arsenal
Nicolas Pépé,2022-2023,Arsenal
Nicolas Pépé,2022-2023,Nice
Nicolas Pépé,2023-2024,Trabzonspor
Nicolas Pépé,2024-2025,Villarreal
Nicolas Pépé,2025-2026,Villarreal
Sergi Cardona,2018-2019,Gimnàstic
Sergi Cardona,2020-2021,Las Palmas
Sergi Cardona,2021-2022,Las Palmas
Sergi Cardona,2022-2023,Las Palmas
Sergi Cardona,2023-2024,Las Palmas
Sergi Cardona,2024-2025,Villarreal
Sergi Cardona,2025-2026,Villarreal
Eduardo Camavinga,2018-2019,Rennes
Eduardo Camavinga,2019-2020,Rennes
Eduardo Camavinga,2020-2021,Rennes
Eduardo Camavinga,2021-2022,Rennes
Eduardo Camavinga,2021-2022,Real Madrid
Eduardo Camavinga,2022-2023,Real Madrid
Eduardo Camavinga,2023-2024,Real Madrid
Eduardo Camavinga,2024-2025,Real Madrid
Eduardo Camavinga,2025-2026,Real Madrid
